,date_transaction,Région,nombre_transactions,taux_moyen,prix_m2
0,2014-12,Auvergne-Rhône-Alpes,8689,2.55,2539.253818802643
1,2014-12,Bourgogne-Franche-Comté,2733,2.55,1614.4568357743021
2,2014-12,Bretagne,3536,2.55,1923.7111997353106
3,2014-12,Centre-Val de Loire,2550,2.55,1761.4441136498829
4,2014-12,Grand Est,2264,2.55,1547.5754172014886
5,2014-12,Hauts-de-France,5443,2.55,1974.3660339795679
6,2014-12,Ile-de-France,12058,2.55,4857.404602717365
7,2014-12,Normandie,3189,2.55,1874.718660243112
8,2014-12,Nouvelle-Aquitaine,7446,2.55,2306.6656722365838
9,2014-12,Occitanie,7127,2.55,2381.233918625061
10,2014-12,Outre-mer,990,2.55,2937.596210648323
11,2014-12,Pays de la Loire,4920,2.55,2227.788284448934
12,2014-12,Provence-Alpes-Côte d'Azur,6493,2.55,3522.7109591292588
13,2015-01,Auvergne-Rhône-Alpes,5647,2.49,2393.5406881114
14,2015-01,Bourgogne-Franche-Comté,1758,2.49,1470.4847669196522
15,2015-01,Bretagne,2676,2.49,1826.87353275507
16,2015-01,Centre-Val de Loire,1914,2.49,1646.0690879732745
17,2015-01,Grand Est,1531,2.49,1391.064023073643
18,2015-01,Hauts-de-France,4006,2.49,1763.1615449695878
19,2015-01,Ile-de-France,8632,2.49,4828.211933745965
20,2015-01,Normandie,2355,2.49,1822.066997665011
21,2015-01,Nouvelle-Aquitaine,4523,2.49,2115.034017264113
22,2015-01,Occitanie,4830,2.49,2157.404112857331
23,2015-01,Outre-mer,388,2.49,2270.292986706137
24,2015-01,Pays de la Loire,2383,2.49,1942.6716598250441
25,2015-01,Provence-Alpes-Côte d'Azur,4545,2.49,3401.0006187181143
26,2015-02,Auvergne-Rhône-Alpes,5789,2.42,2387.816978968582
27,2015-02,Bourgogne-Franche-Comté,1859,2.42,1458.1408564732174
28,2015-02,Bretagne,2656,2.42,1835.7558013015891
29,2015-02,Centre-Val de Loire,1773,2.42,1613.780576549115
30,2015-02,Grand Est,1618,2.42,1464.8781244441723
31,2015-02,Hauts-de-France,4179,2.42,1802.0092967511687
32,2015-02,Ile-de-France,8883,2.42,4781.018442684732
33,2015-02,Normandie,2281,2.42,1811.3434618684182
34,2015-02,Nouvelle-Aquitaine,4778,2.42,2075.216337843431
35,2015-02,Occitanie,4922,2.42,2200.8986423695906
36,2015-02,Outre-mer,482,2.42,2300.878728607725
37,2015-02,Pays de la Loire,2639,2.42,1982.2008816486382
38,2015-02,Provence-Alpes-Côte d'Azur,4747,2.42,3374.689019409761
39,2015-03,Auvergne-Rhône-Alpes,6874,2.34,2425.402126454547
40,2015-03,Bourgogne-Franche-Comté,2139,2.34,1485.5166767398503
41,2015-03,Bretagne,2985,2.34,1874.9673149478808
42,2015-03,Centre-Val de Loire,2014,2.34,1636.7605267613644
43,2015-03,Grand Est,1763,2.34,1418.819712538624
44,2015-03,Hauts-de-France,4330,2.34,1791.9603222946855
45,2015-03,Ile-de-France,10820,2.34,4909.512327924443
46,2015-03,Normandie,2473,2.34,1804.9493005236188
47,2015-03,Nouvelle-Aquitaine,5504,2.34,2056.910155992198
48,2015-03,Occitanie,5677,2.34,2207.240138748341
49,2015-03,Outre-mer,570,2.34,2502.054864915714
50,2015-03,Pays de la Loire,3114,2.34,1973.809470551996
51,2015-03,Provence-Alpes-Côte d'Azur,5262,2.34,5070.821253466086
52,2015-04,Auvergne-Rhône-Alpes,7153,2.24,2489.6341172480593
53,2015-04,Bourgogne-Franche-Comté,2439,2.24,1460.3810012182919
54,2015-04,Bretagne,3059,2.24,1772.7409111807947
55,2015-04,Centre-Val de Loire,2166,2.24,1695.2037690514903
56,2015-04,Grand Est,1932,2.24,1370.9488968584596
57,2015-04,Hauts-de-France,4777,2.24,1765.9039903815722
58,2015-04,Ile-de-France,10235,2.24,4873.796747737517
59,2015-04,Normandie,2625,2.24,1786.7917937057014
60,2015-04,Nouvelle-Aquitaine,5606,2.24,2026.273175133058
61,2015-04,Occitanie,5918,2.24,2160.034178173746
62,2015-04,Outre-mer,577,2.24,2458.0776404447397
63,2015-04,Pays de la Loire,3296,2.24,1966.5192724804333
64,2015-04,Provence-Alpes-Côte d'Azur,5421,2.24,3399.8561864616568
65,2015-05,Auvergne-Rhône-Alpes,6334,2.18,2413.463065396209
66,2015-05,Bourgogne-Franche-Comté,2007,2.18,1541.1728421684395
67,2015-05,Bretagne,2937,2.18,1755.4119839076977
68,2015-05,Centre-Val de Loire,1912,2.1799999999999997,1620.0611228341334
69,2015-05,Grand Est,1749,2.18,1385.9347192545379
70,2015-05,Hauts-de-France,4132,2.18,1770.7575964812565
71,2015-05,Ile-de-France,9648,2.18,4800.485154583793
72,2015-05,Normandie,2361,2.18,1779.5310336655537
73,2015-05,Nouvelle-Aquitaine,4913,2.18,2032.3126077587044
74,2015-05,Occitanie,5232,2.18,2153.960923827069
75,2015-05,Outre-mer,482,2.18,2270.4935545693406
76,2015-05,Pays de la Loire,3045,2.18,2022.3211729785376
77,2015-05,Provence-Alpes-Côte d'Azur,4678,2.18,3357.310890069571
78,2015-06,Auvergne-Rhône-Alpes,8885,2.13,2462.555939391456
79,2015-06,Bourgogne-Franche-Comté,2817,2.13,1545.1673476214123
80,2015-06,Bretagne,3864,2.13,1857.2734057982836
81,2015-06,Centre-Val de Loire,2697,2.13,1640.4473067995518
82,2015-06,Grand Est,2469,2.13,1477.325957713208
83,2015-06,Hauts-de-France,5915,2.13,1821.4934215519656
84,2015-06,Ile-de-France,13722,2.13,4877.88972235469
85,2015-06,Normandie,3394,2.13,1843.1246142566924
86,2015-06,Nouvelle-Aquitaine,7055,2.13,2079.1083661561806
87,2015-06,Occitanie,7270,2.13,2215.1221169320424
88,2015-06,Outre-mer,645,2.13,2557.738043672835
89,2015-06,Pays de la Loire,4398,2.13,2037.4991776832512
90,2015-06,Provence-Alpes-Côte d'Azur,6659,2.13,3396.9296117462145
91,2015-07,Auvergne-Rhône-Alpes,11325,2.08,2478.4509575427714
92,2015-07,Bourgogne-Franche-Comté,3487,2.08,1514.6769818101109
93,2015-07,Bretagne,4748,2.08,1882.099399420359
94,2015-07,Centre-Val de Loire,3123,2.08,1657.5173578039692
95,2015-07,Grand Est,2899,2.08,1420.558408278154
96,2015-07,Hauts-de-France,7063,2.08,1958.0307974226666
97,2015-07,Ile-de-France,16918,2.08,4889.142830742011
98,2015-07,Normandie,3854,2.08,1842.0463839090337
99,2015-07,Nouvelle-Aquitaine,8313,2.08,2077.5623195819653
100,2015-07,Occitanie,8210,2.08,2235.281041380072
101,2015-07,Outre-mer,761,2.08,2479.6194224593837
102,2015-07,Pays de la Loire,5369,2.08,2086.569699950495
103,2015-07,Provence-Alpes-Côte d'Azur,7525,2.08,3339.052874049207
104,2015-08,Auvergne-Rhône-Alpes,6281,2.1,2481.621871919606
105,2015-08,Bourgogne-Franche-Comté,2263,2.1,1550.3828702366966
106,2015-08,Bretagne,3295,2.1,1797.469477111885
107,2015-08,Centre-Val de Loire,2193,2.1,1668.2963153388805
108,2015-08,Grand Est,1964,2.1,1465.2690938969029
109,2015-08,Hauts-de-France,4654,2.1,1875.9838162350673
110,2015-08,Ile-de-France,9034,2.1,4568.400513247899
111,2015-08,Normandie,2888,2.1,1825.0329126405331
112,2015-08,Nouvelle-Aquitaine,6034,2.1,2062.034794951077
113,2015-08,Occitanie,5800,2.1,2194.876927880052
114,2015-08,Outre-mer,577,2.1,2414.4087522680315
115,2015-08,Pays de la Loire,3632,2.1,2027.5905146206278
116,2015-08,Provence-Alpes-Côte d'Azur,4862,2.1,3391.000443342374
117,2015-09,Auvergne-Rhône-Alpes,9248,2.17,2473.4554809559486
118,2015-09,Bourgogne-Franche-Comté,2975,2.17,1479.1848098918442
119,2015-09,Bretagne,4092,2.17,1867.508542347767
120,2015-09,Centre-Val de Loire,2725,2.17,1640.6172810744606
121,2015-09,Grand Est,2557,2.17,1416.7695333020354
122,2015-09,Hauts-de-France,5976,2.17,1850.8353493990744
123,2015-09,Ile-de-France,14834,2.17,4927.472501448258
124,2015-09,Normandie,3486,2.17,1864.1219728007077
125,2015-09,Nouvelle-Aquitaine,7288,2.17,2150.487602961834
126,2015-09,Occitanie,7351,2.17,2273.802145360001
127,2015-09,Outre-mer,680,2.17,2651.865253136088
128,2015-09,Pays de la Loire,4383,2.17,2081.9008598955743
129,2015-09,Provence-Alpes-Côte d'Azur,6667,2.17,3490.6182548556017
130,2015-10,Auvergne-Rhône-Alpes,8743,2.23,2475.850887583841
131,2015-10,Bourgogne-Franche-Comté,2731,2.23,1554.3353354352878
132,2015-10,Bretagne,3948,2.23,1863.382655115915
133,2015-10,Centre-Val de Loire,2561,2.23,1604.726318974673
134,2015-10,Grand Est,2392,2.23,1453.3688901869943
135,2015-10,Hauts-de-France,5649,2.23,2395.3157169363185
136,2015-10,Ile-de-France,13799,2.23,4847.286958861869
137,2015-10,Normandie,3270,2.23,1842.84631807613
138,2015-10,Nouvelle-Aquitaine,7054,2.23,2133.3352131936376
139,2015-10,Occitanie,6924,2.23,2290.9182749781517
140,2015-10,Outre-mer,670,2.23,2819.9835217739464
141,2015-10,Pays de la Loire,4146,2.23,2125.792123961103
142,2015-10,Provence-Alpes-Côte d'Azur,6758,2.23,3411.6220600585198
143,2015-11,Auvergne-Rhône-Alpes,7183,2.29,2487.6105780363037
144,2015-11,Bourgogne-Franche-Comté,2412,2.29,1483.8593135599838
145,2015-11,Bretagne,3259,2.29,1829.6648425816468
146,2015-11,Centre-Val de Loire,2109,2.29,1632.3564817822544
147,2015-11,Grand Est,1987,2.29,1385.3121451602046
148,2015-11,Hauts-de-France,4691,2.29,1881.6921390968396
149,2015-11,Ile-de-France,9995,2.29,4867.71235134323
150,2015-11,Normandie,2708,2.29,1831.1433122991195
151,2015-11,Nouvelle-Aquitaine,6173,2.29,2105.3715173106066
152,2015-11,Occitanie,6135,2.29,2251.898431801119
153,2015-11,Outre-mer,638,2.29,2432.011218245129
154,2015-11,Pays de la Loire,3496,2.29,2089.926609118165
155,2015-11,Provence-Alpes-Côte d'Azur,5667,2.29,3425.748277587845
156,2015-12,Auvergne-Rhône-Alpes,9911,2.27,2567.2794982270125
157,2015-12,Bourgogne-Franche-Comté,3083,2.27,1539.1042500894857
158,2015-12,Bretagne,4605,2.27,1931.5667846430495
159,2015-12,Centre-Val de Loire,2839,2.27,1591.6557590184407
160,2015-12,Grand Est,2563,2.27,1436.2105365800396
161,2015-12,Hauts-de-France,6225,2.27,1889.2780204502844
162,2015-12,Ile-de-France,14778,2.27,5555.670298128228
163,2015-12,Normandie,3719,2.2699999999999996,1866.8445070156365
164,2015-12,Nouvelle-Aquitaine,8275,2.27,2173.2267186896015
165,2015-12,Occitanie,8218,2.27,2314.1605464928416
166,2015-12,Outre-mer,984,2.27,3134.466602568451
167,2015-12,Pays de la Loire,5161,2.27,2145.234295914964
168,2015-12,Provence-Alpes-Côte d'Azur,7577,2.27,3532.562107349437
169,2016-01,Auvergne-Rhône-Alpes,6001,2.27,2387.5627576639986
170,2016-01,Bourgogne-Franche-Comté,1961,2.27,1474.5319050584992
171,2016-01,Bretagne,2975,2.27,1787.0930849642334
172,2016-01,Centre-Val de Loire,1938,2.27,1577.718009808181
173,2016-01,Grand Est,1729,2.27,1375.0623053312713
174,2016-01,Hauts-de-France,4362,2.27,1789.7390487275447
175,2016-01,Ile-de-France,8796,2.27,4492.465276549028
176,2016-01,Normandie,2464,2.27,1838.6357647379239
177,2016-01,Nouvelle-Aquitaine,5046,2.27,2042.025097215872
178,2016-01,Occitanie,5042,2.27,2160.0312223020424
179,2016-01,Outre-mer,435,2.27,2405.52296770588
180,2016-01,Pays de la Loire,3020,2.27,2011.561062104736
181,2016-01,Provence-Alpes-Côte d'Azur,4638,2.27,3359.8808377627925
182,2016-02,Auvergne-Rhône-Alpes,6701,2.2,2365.49077214508
183,2016-02,Bourgogne-Franche-Comté,2094,2.2,1448.4427105623674
184,2016-02,Bretagne,3184,2.2,1779.0322396753043
185,2016-02,Centre-Val de Loire,2071,2.2,1577.3741103349578
186,2016-02,Grand Est,1855,2.2,1408.7939399042664
187,2016-02,Hauts-de-France,4434,2.2,1776.6921526995013
188,2016-02,Ile-de-France,10209,2.2,4709.350739751418
189,2016-02,Normandie,2462,2.2,1776.9885932079737
190,2016-02,Nouvelle-Aquitaine,5763,2.2,2107.0040610508236
191,2016-02,Occitanie,5709,2.2,2133.8620947853506
192,2016-02,Outre-mer,592,2.2,2386.8093586097375
193,2016-02,Pays de la Loire,3440,2.2,2005.0632003280891
194,2016-02,Provence-Alpes-Côte d'Azur,5507,2.2,3309.8247763416525
195,2016-03,Auvergne-Rhône-Alpes,7444,2.12,2427.7016387682843
196,2016-03,Bourgogne-Franche-Comté,2360,2.12,1452.6734501149456
197,2016-03,Bretagne,3453,2.12,1767.6312676022962
198,2016-03,Centre-Val de Loire,2260,2.12,1615.1623788434572
199,2016-03,Grand Est,1989,2.12,1406.1396776973816
200,2016-03,Hauts-de-France,4650,2.12,1779.8255034894146
201,2016-03,Ile-de-France,10804,2.12,4857.229411714636
202,2016-03,Normandie,2727,2.12,1771.2393576296026
203,2016-03,Nouvelle-Aquitaine,5957,2.12,2068.160908782938
204,2016-03,Occitanie,6066,2.12,2175.554637345341
205,2016-03,Outre-mer,586,2.12,2319.6585665788743
206,2016-03,Pays de la Loire,3369,2.12,1975.7468776637304
207,2016-03,Provence-Alpes-Côte d'Azur,5958,2.12,3304.6846780181345
208,2016-04,Auvergne-Rhône-Alpes,7487,2.02,2417.750669518641
209,2016-04,Bourgogne-Franche-Comté,2305,2.02,1453.0697665743444
210,2016-04,Bretagne,3242,2.02,1821.7105669801815
211,2016-04,Centre-Val de Loire,2128,2.02,1622.4264505582312
212,2016-04,Grand Est,1970,2.02,1370.152117966025
213,2016-04,Hauts-de-France,4713,2.02,1755.8301043744125
214,2016-04,Ile-de-France,10433,2.02,4946.301358525847
215,2016-04,Normandie,2731,2.02,1804.9727068336952
216,2016-04,Nouvelle-Aquitaine,5860,2.02,2084.0624865236723
217,2016-04,Occitanie,6145,2.02,2149.937827459674
218,2016-04,Outre-mer,569,2.02,2549.6950329857004
219,2016-04,Pays de la Loire,3425,2.02,2013.923070527433
220,2016-04,Provence-Alpes-Côte d'Azur,5680,2.02,3360.772400820566
221,2016-05,Auvergne-Rhône-Alpes,7617,1.88,2438.4777734750614
222,2016-05,Bourgogne-Franche-Comté,2349,1.88,1448.2339961189798
223,2016-05,Bretagne,3278,1.88,1829.1681000783349
224,2016-05,Centre-Val de Loire,2281,1.88,1647.7787934796877
225,2016-05,Grand Est,2055,1.88,1355.385499861667
226,2016-05,Hauts-de-France,4978,1.88,1777.2037398714988
227,2016-05,Ile-de-France,11094,1.8799999999999997,4847.8647170399745
228,2016-05,Normandie,2875,1.88,1753.2915819010475
229,2016-05,Nouvelle-Aquitaine,6117,1.88,2122.7915821988463
230,2016-05,Occitanie,6308,1.88,2209.277008263665
231,2016-05,Outre-mer,630,1.88,2507.6998471939983
232,2016-05,Pays de la Loire,3679,1.88,1962.6239320678346
233,2016-05,Provence-Alpes-Côte d'Azur,5984,1.8800000000000001,3335.670461917181
234,2016-06,Auvergne-Rhône-Alpes,9653,1.75,2522.596536507964
235,2016-06,Bourgogne-Franche-Comté,2989,1.75,1510.133142384775
236,2016-06,Bretagne,4385,1.75,1859.0247354328756
237,2016-06,Centre-Val de Loire,3001,1.75,1596.697466214684
238,2016-06,Grand Est,2533,1.75,1402.7845870921828
239,2016-06,Hauts-de-France,6233,1.75,1789.848700097543
240,2016-06,Ile-de-France,14502,1.75,4871.036889575841
241,2016-06,Normandie,3651,1.75,1852.2280681709929
242,2016-06,Nouvelle-Aquitaine,7843,1.75,2122.926051717363
243,2016-06,Occitanie,7825,1.75,2205.573983547276
244,2016-06,Outre-mer,717,1.75,2455.533139219716
245,2016-06,Pays de la Loire,4688,1.75,2097.1199007813225
246,2016-06,Provence-Alpes-Côte d'Azur,7373,1.75,3374.3221432475793
247,2016-07,Auvergne-Rhône-Alpes,11246,1.67,2482.210815043445
248,2016-07,Bourgogne-Franche-Comté,3314,1.67,1530.9370601381038
249,2016-07,Bretagne,5085,1.6699999999999997,1890.7583362066039
250,2016-07,Centre-Val de Loire,3284,1.67,1681.988028652974
251,2016-07,Grand Est,2911,1.67,1409.1421421804166
252,2016-07,Hauts-de-France,6856,1.6699999999999997,1840.393706974553
253,2016-07,Ile-de-France,16399,1.67,4970.0618640930425
254,2016-07,Normandie,4078,1.67,1817.8940703047158
255,2016-07,Nouvelle-Aquitaine,8581,1.67,2153.6420826701233
256,2016-07,Occitanie,8207,1.67,2220.2647416250256
257,2016-07,Outre-mer,737,1.67,2443.8307666895453
258,2016-07,Pays de la Loire,5201,1.67,2020.2311147151286
259,2016-07,Provence-Alpes-Côte d'Azur,7449,1.67,3408.1485301365537
260,2016-08,Auvergne-Rhône-Alpes,7271,1.62,2517.9350714834636
261,2016-08,Bourgogne-Franche-Comté,2527,1.62,1522.6132461757284
262,2016-08,Bretagne,3917,1.6199999999999999,1842.5243962747102
263,2016-08,Centre-Val de Loire,2434,1.62,1678.1129598566827
264,2016-08,Grand Est,2231,1.62,1459.8306270175187
265,2016-08,Hauts-de-France,5305,1.62,1846.4525188216426
266,2016-08,Ile-de-France,10208,1.6200000000000003,4608.666539387859
267,2016-08,Normandie,3277,1.62,1878.8557149007345
268,2016-08,Nouvelle-Aquitaine,7089,1.62,2112.5051238191786
269,2016-08,Occitanie,6744,1.62,2181.4789814335377
270,2016-08,Outre-mer,667,1.6199999999999999,2672.517936289459
271,2016-08,Pays de la Loire,4170,1.62,2004.24296678623
272,2016-08,Provence-Alpes-Côte d'Azur,5739,1.62,3340.524271196262
273,2016-09,Auvergne-Rhône-Alpes,9924,1.58,2553.0187125631896
274,2016-09,Bourgogne-Franche-Comté,3033,1.58,1498.3628177532448
275,2016-09,Bretagne,4201,1.58,1857.8864332780024
276,2016-09,Centre-Val de Loire,2921,1.58,1652.6189417373755
277,2016-09,Grand Est,2653,1.5799999999999998,1423.560485652026
278,2016-09,Hauts-de-France,6424,1.58,1831.8757206369482
279,2016-09,Ile-de-France,15523,1.58,5070.103353104261
280,2016-09,Normandie,3782,1.58,1852.757272039842
281,2016-09,Nouvelle-Aquitaine,7930,1.5800000000000003,2195.0552741514025
282,2016-09,Occitanie,7818,1.58,2235.6373625735114
283,2016-09,Outre-mer,761,1.58,2496.148407106829
284,2016-09,Pays de la Loire,4667,1.58,2048.400232655044
285,2016-09,Provence-Alpes-Côte d'Azur,7404,1.58,3419.7237233553024
286,2016-10,Auvergne-Rhône-Alpes,8601,1.48,2546.9864670488228
287,2016-10,Bourgogne-Franche-Comté,2573,1.48,1528.8648353637227
288,2016-10,Bretagne,3809,1.48,1896.48594328185
289,2016-10,Centre-Val de Loire,2580,1.48,1630.0846470000952
290,2016-10,Grand Est,2209,1.48,1483.8354653274964
291,2016-10,Hauts-de-France,5377,1.48,1829.5082804751578
292,2016-10,Ile-de-France,12602,1.48,5033.59408443283
293,2016-10,Normandie,3258,1.48,1856.3656946072633
294,2016-10,Nouvelle-Aquitaine,7072,1.48,2201.266100486905
295,2016-10,Occitanie,6852,1.48,2258.9861159394477
296,2016-10,Outre-mer,654,1.48,2411.1686799404874
297,2016-10,Pays de la Loire,4036,1.48,2043.5492881922812
298,2016-10,Provence-Alpes-Côte d'Azur,6290,1.4800000000000002,3388.4784712279993
299,2016-11,Auvergne-Rhône-Alpes,7691,1.43,2686.3759587754635
300,2016-11,Bourgogne-Franche-Comté,2378,1.43,1488.2382301984878
301,2016-11,Bretagne,3519,1.43,1858.9453164208278
302,2016-11,Centre-Val de Loire,2369,1.43,1679.2063613605092
303,2016-11,Grand Est,2049,1.43,1418.8413496322169
304,2016-11,Hauts-de-France,4762,1.43,1896.942626861758
305,2016-11,Ile-de-France,10239,1.43,4965.715723194813
306,2016-11,Normandie,3031,1.43,1832.0300561134898
307,2016-11,Nouvelle-Aquitaine,6736,1.43,2194.4168782667875
308,2016-11,Occitanie,6496,1.4299999999999997,2264.4643306837156
309,2016-11,Outre-mer,624,1.43,2538.2922429464816
310,2016-11,Pays de la Loire,3796,1.43,2069.5323332414996
311,2016-11,Provence-Alpes-Côte d'Azur,5945,1.4300000000000002,3966.073931224002
312,2016-12,Auvergne-Rhône-Alpes,11438,1.38,2611.7304264759746
313,2016-12,Bourgogne-Franche-Comté,3347,1.38,1516.2507432058335
314,2016-12,Bretagne,5201,1.38,1986.678735974241
315,2016-12,Centre-Val de Loire,3351,1.3799999999999997,1733.3850249980167
316,2016-12,Grand Est,2837,1.38,1467.6095504929092
317,2016-12,Hauts-de-France,7103,1.38,1874.6566195311013
318,2016-12,Ile-de-France,13953,1.38,4999.1884491431565
319,2016-12,Normandie,4290,1.38,1896.3060322215708
320,2016-12,Nouvelle-Aquitaine,9779,1.38,2620.115428177261
321,2016-12,Occitanie,9565,1.38,2395.428090667758
322,2016-12,Outre-mer,1094,1.38,2697.4063381492897
323,2016-12,Pays de la Loire,5545,1.38,2158.790202890073
324,2016-12,Provence-Alpes-Côte d'Azur,7904,1.38,3475.1545377432494
325,2017-01,Auvergne-Rhône-Alpes,8005,1.38,2470.1595751963077
326,2017-01,Bourgogne-Franche-Comté,2434,1.38,1502.0013484742612
327,2017-01,Bretagne,3904,1.38,1911.4266838314945
328,2017-01,Centre-Val de Loire,2387,1.38,1606.0926992809602
329,2017-01,Grand Est,2190,1.38,1402.1512104228332
330,2017-01,Hauts-de-France,5169,1.38,1780.5750983803289
331,2017-01,Ile-de-France,11678,1.38,5310.8569703586
332,2017-01,Normandie,3166,1.38,1834.329049111891
333,2017-01,Nouvelle-Aquitaine,6593,1.3800000000000001,2142.5919521389847
334,2017-01,Occitanie,6662,1.38,2215.9939659019938
335,2017-01,Outre-mer,524,1.38,2320.247275792784
336,2017-01,Pays de la Loire,3981,1.38,2044.1127846634843
337,2017-01,Provence-Alpes-Côte d'Azur,6191,1.38,3374.914716306003
338,2017-02,Auvergne-Rhône-Alpes,8312,1.44,2523.756199857843
339,2017-02,Bourgogne-Franche-Comté,2469,1.44,1475.9539273715222
340,2017-02,Bretagne,3736,1.44,1879.3352673850325
341,2017-02,Centre-Val de Loire,2405,1.44,1579.8516044366063
342,2017-02,Grand Est,2119,1.44,1372.0952885024867
343,2017-02,Hauts-de-France,5190,1.44,1799.1445281546057
344,2017-02,Ile-de-France,11657,1.44,5013.927833780092
345,2017-02,Normandie,3256,1.4399999999999997,1842.6973671512533
346,2017-02,Nouvelle-Aquitaine,6874,1.44,2228.0629497801046
347,2017-02,Occitanie,6918,1.44,2213.906835245118
348,2017-02,Outre-mer,586,1.44,2496.923164918788
349,2017-02,Pays de la Loire,4171,1.44,2055.2219145786185
350,2017-02,Provence-Alpes-Côte d'Azur,6157,1.44,3425.0703741447946
351,2017-03,Auvergne-Rhône-Alpes,9746,1.48,2494.5172343549903
352,2017-03,Bourgogne-Franche-Comté,2859,1.48,1498.4946079469316
353,2017-03,Bretagne,4499,1.48,1893.1542554248635
354,2017-03,Centre-Val de Loire,2974,1.4799999999999998,1609.571741365677
355,2017-03,Grand Est,2588,1.48,1411.5442791115431
356,2017-03,Hauts-de-France,6375,1.48,1825.3700876696494
357,2017-03,Ile-de-France,15741,1.48,5071.442852580178
358,2017-03,Normandie,3985,1.48,1787.3503191698078
359,2017-03,Nouvelle-Aquitaine,8365,1.48,2226.674868978795
360,2017-03,Occitanie,8417,1.48,2198.5547250659206
361,2017-03,Outre-mer,771,1.48,2523.1280494587454
362,2017-03,Pays de la Loire,4883,1.48,1998.9650886518168
363,2017-03,Provence-Alpes-Côte d'Azur,7751,1.48,3356.058824375863
364,2017-04,Auvergne-Rhône-Alpes,8424,1.52,2500.5804258295802
365,2017-04,Bourgogne-Franche-Comté,2618,1.52,1488.7060286765175
366,2017-04,Bretagne,3851,1.52,1833.8888011283777
367,2017-04,Centre-Val de Loire,2502,1.52,1640.0811915971371
368,2017-04,Grand Est,2189,1.52,1430.2444407751034
369,2017-04,Hauts-de-France,5440,1.5199999999999998,1813.6023438913662
370,2017-04,Ile-de-France,12200,1.52,5129.239719017863
371,2017-04,Normandie,3400,1.52,1808.3966779997568
372,2017-04,Nouvelle-Aquitaine,7155,1.52,2281.8907505084862
373,2017-04,Occitanie,7254,1.52,2171.9055622907504
374,2017-04,Outre-mer,627,1.52,2564.1478405647263
375,2017-04,Pays de la Loire,4321,1.52,2038.2842173297354
376,2017-04,Provence-Alpes-Côte d'Azur,6577,1.5200000000000002,3410.8354318674556
377,2017-05,Auvergne-Rhône-Alpes,9280,1.56,2564.2695710180224
378,2017-05,Bourgogne-Franche-Comté,2728,1.56,1441.375551742144
379,2017-05,Bretagne,4185,1.56,1848.7493263893855
380,2017-05,Centre-Val de Loire,2640,1.5600000000000003,1658.2110139100932
381,2017-05,Grand Est,2338,1.56,1434.81584818734
382,2017-05,Hauts-de-France,5705,1.5600000000000003,1838.337782005722
383,2017-05,Ile-de-France,13208,1.56,5098.734715965105
384,2017-05,Normandie,3609,1.56,1861.6872479851634
385,2017-05,Nouvelle-Aquitaine,7475,1.56,2214.2906159244226
386,2017-05,Occitanie,7553,1.56,2219.088029754812
387,2017-05,Outre-mer,659,1.56,2575.163529740075
388,2017-05,Pays de la Loire,4593,1.56,2012.598050179524
389,2017-05,Provence-Alpes-Côte d'Azur,7135,1.56,3387.3524672045787
390,2017-06,Auvergne-Rhône-Alpes,11610,1.5799999999999998,2560.071869481153
391,2017-06,Bourgogne-Franche-Comté,3453,1.5800000000000003,1534.9847371028434
392,2017-06,Bretagne,5182,1.58,1929.9113382347516
393,2017-06,Centre-Val de Loire,3363,1.58,1674.685224871431
394,2017-06,Grand Est,3095,1.58,1452.120013488132
395,2017-06,Hauts-de-France,7096,1.58,1844.8794567870614
396,2017-06,Ile-de-France,17118,1.58,5167.793348692748
397,2017-06,Normandie,4473,1.58,1850.4716890649668
398,2017-06,Nouvelle-Aquitaine,9231,1.58,2251.727885206724
399,2017-06,Occitanie,9338,1.58,2270.052624182618
400,2017-06,Outre-mer,836,1.58,2342.611508138065
401,2017-06,Pays de la Loire,5779,1.5799999999999998,2102.336439120654
402,2017-06,Provence-Alpes-Côte d'Azur,8542,1.58,3389.7730117303604
403,2017-07,Auvergne-Rhône-Alpes,12578,1.59,2626.2514539012377
404,2017-07,Bourgogne-Franche-Comté,3773,1.59,1538.5111003598706
405,2017-07,Bretagne,5375,1.59,1975.3555325927246
406,2017-07,Centre-Val de Loire,3625,1.59,1708.7796831382473
407,2017-07,Grand Est,3005,1.5899999999999999,1505.7114565492027
408,2017-07,Hauts-de-France,7465,1.59,1956.7886257717357
409,2017-07,Ile-de-France,18653,1.59,5123.471387705337
410,2017-07,Normandie,4778,1.59,1859.8698289036668
411,2017-07,Nouvelle-Aquitaine,9643,1.59,2262.719431448723
412,2017-07,Occitanie,9527,1.59,2279.016143901136
413,2017-07,Outre-mer,699,1.59,2646.848448205041
414,2017-07,Pays de la Loire,6094,1.59,2067.2672490886853
415,2017-07,Provence-Alpes-Côte d'Azur,8708,1.59,3438.3101664389633
416,2017-08,Auvergne-Rhône-Alpes,7981,1.62,2598.8257695723046
417,2017-08,Bourgogne-Franche-Comté,2728,1.62,1592.3281526420967
418,2017-08,Bretagne,4219,1.62,1897.0586052305869
419,2017-08,Centre-Val de Loire,2711,1.6200000000000003,1700.2905877244475
420,2017-08,Grand Est,2355,1.62,1479.8545990052683
421,2017-08,Hauts-de-France,5603,1.62,2344.122901103238
422,2017-08,Ile-de-France,11091,1.62,4794.751784739385
423,2017-08,Normandie,3588,1.62,1857.0174109779832
424,2017-08,Nouvelle-Aquitaine,7727,1.62,2213.5617516771767
425,2017-08,Occitanie,7412,1.62,2236.5963818433156
426,2017-08,Outre-mer,755,1.62,2449.1578361686275
427,2017-08,Pays de la Loire,4544,1.62,2120.0514458379325
428,2017-08,Provence-Alpes-Côte d'Azur,6251,1.62,3474.5544401578222
429,2017-09,Auvergne-Rhône-Alpes,10545,1.61,2651.151054709595
430,2017-09,Bourgogne-Franche-Comté,3070,1.6100000000000003,1535.1744852863808
431,2017-09,Bretagne,4576,1.61,1933.948310850385
432,2017-09,Centre-Val de Loire,3136,1.61,1709.3881701773032
433,2017-09,Grand Est,2764,1.61,1518.7535424326093
434,2017-09,Hauts-de-France,6506,1.6099999999999999,1876.8073580913272
435,2017-09,Ile-de-France,15836,1.61,5659.7733490417
436,2017-09,Normandie,4071,1.61,1892.4300465562758
437,2017-09,Nouvelle-Aquitaine,8494,1.61,2311.2939003268293
438,2017-09,Occitanie,8130,1.61,2266.7924136846727
439,2017-09,Outre-mer,693,1.61,2465.7931512611317
440,2017-09,Pays de la Loire,5015,1.61,2100.8808801724786
441,2017-09,Provence-Alpes-Côte d'Azur,7553,1.61,3503.5225697045744
442,2017-10,Auvergne-Rhône-Alpes,9773,1.62,2656.8939213228236
443,2017-10,Bourgogne-Franche-Comté,2976,1.6199999999999999,1542.8541200642355
444,2017-10,Bretagne,4313,1.62,1974.8486450490982
445,2017-10,Centre-Val de Loire,2941,1.62,1707.9309529084453
446,2017-10,Grand Est,2546,1.62,1464.8325908915053
447,2017-10,Hauts-de-France,5993,1.6199999999999999,1902.1485136463136
448,2017-10,Ile-de-France,14635,1.62,5210.503766023569
449,2017-10,Normandie,3736,1.62,1853.5086668856088
450,2017-10,Nouvelle-Aquitaine,8160,1.62,2411.4355384839478
451,2017-10,Occitanie,7910,1.62,2289.9153223143276
452,2017-10,Outre-mer,804,1.62,5116.386639432905
453,2017-10,Pays de la Loire,4735,1.62,2136.651626873552
454,2017-10,Provence-Alpes-Côte d'Azur,7449,1.62,3482.573415936408
455,2017-11,Auvergne-Rhône-Alpes,8582,1.6,2689.1177373637056
456,2017-11,Bourgogne-Franche-Comté,2563,1.6,1542.788254056237
457,2017-11,Bretagne,3844,1.6,1924.7458477992043
458,2017-11,Centre-Val de Loire,2316,1.6,1657.2684919227956
459,2017-11,Grand Est,2227,1.6,1474.3572197872331
460,2017-11,Hauts-de-France,5058,1.6,1890.3252465419491
461,2017-11,Ile-de-France,11448,1.5999999999999999,5224.459457951328
462,2017-11,Normandie,3291,1.6,1887.2619777738994
463,2017-11,Nouvelle-Aquitaine,7048,1.6,2303.762039584962
464,2017-11,Occitanie,6964,1.6000000000000003,2280.625765131527
465,2017-11,Outre-mer,734,1.6,2487.96096802679
466,2017-11,Pays de la Loire,4106,1.6,2118.8404747033546
467,2017-11,Provence-Alpes-Côte d'Azur,6333,1.6,3476.034385816882
468,2017-12,Auvergne-Rhône-Alpes,12480,1.5700000000000003,2854.97698512303
469,2017-12,Bourgogne-Franche-Comté,3724,1.57,1733.3314791049072
470,2017-12,Bretagne,5528,1.57,2029.9093106541
471,2017-12,Centre-Val de Loire,3303,1.57,1734.3826598027722
472,2017-12,Grand Est,2983,1.57,1545.093990364864
473,2017-12,Hauts-de-France,7238,1.57,2308.267533509518
474,2017-12,Ile-de-France,15734,1.57,5434.565837787481
475,2017-12,Normandie,4592,1.57,1988.5975251275975
476,2017-12,Nouvelle-Aquitaine,9809,1.57,2427.0405892993144
477,2017-12,Occitanie,9796,1.57,2432.4339506601937
478,2017-12,Outre-mer,1137,1.57,2748.632698408644
479,2017-12,Pays de la Loire,5810,1.57,2211.261397296079
480,2017-12,Provence-Alpes-Côte d'Azur,8323,1.57,3640.2749522602635
481,2018-01,Auvergne-Rhône-Alpes,7891,1.58,2566.3925187721566
482,2018-01,Bourgogne-Franche-Comté,2567,1.58,1476.7901474892576
483,2018-01,Bretagne,3820,1.58,1911.6140955896535
484,2018-01,Centre-Val de Loire,2382,1.58,1654.8899708868898
485,2018-01,Grand Est,2064,1.58,1441.1350582578382
486,2018-01,Hauts-de-France,5228,1.5799999999999998,1880.8013159710722
487,2018-01,Ile-de-France,11472,1.58,5184.751363780922
488,2018-01,Normandie,3310,1.58,1843.7630847540042
489,2018-01,Nouvelle-Aquitaine,6553,1.58,2254.391162697525
490,2018-01,Occitanie,6445,1.58,2185.42783088171
491,2018-01,Outre-mer,529,1.58,2423.188670029032
492,2018-01,Pays de la Loire,4156,1.58,1998.797635050015
493,2018-01,Provence-Alpes-Côte d'Azur,6201,1.58,3431.15447526181
494,2018-02,Auvergne-Rhône-Alpes,7887,1.56,2555.4132673346076
495,2018-02,Bourgogne-Franche-Comté,2358,1.56,1493.5515375553682
496,2018-02,Bretagne,3795,1.56,1914.3035105505921
497,2018-02,Centre-Val de Loire,2341,1.56,1646.7049120302531
498,2018-02,Grand Est,2130,1.56,1471.4586235328993
499,2018-02,Hauts-de-France,5289,1.56,1838.382535340835
500,2018-02,Ile-de-France,11941,1.5599999999999998,5178.783400364225
501,2018-02,Normandie,3227,1.56,1839.4339560299463
502,2018-02,Nouvelle-Aquitaine,6436,1.56,2308.1524547519143
503,2018-02,Occitanie,6577,1.56,2204.404455548229
504,2018-02,Outre-mer,611,1.56,2597.852199516679
505,2018-02,Pays de la Loire,4033,1.56,2083.462755111953
506,2018-02,Provence-Alpes-Côte d'Azur,6423,1.56,3602.9034496904774
507,2018-03,Auvergne-Rhône-Alpes,9294,1.53,2590.55440030644
508,2018-03,Bourgogne-Franche-Comté,2861,1.53,1494.6580101793172
509,2018-03,Bretagne,4154,1.53,1904.7505436795022
510,2018-03,Centre-Val de Loire,2525,1.53,1618.256018256969
511,2018-03,Grand Est,2356,1.53,1485.0916770030751
512,2018-03,Hauts-de-France,5594,1.53,1878.1925346546413
513,2018-03,Ile-de-France,14287,1.53,5344.035984366689
514,2018-03,Normandie,3521,1.53,1899.0595666395316
515,2018-03,Nouvelle-Aquitaine,7766,1.53,2309.710567211263
516,2018-03,Occitanie,7516,1.53,2218.0350449838998
517,2018-03,Outre-mer,715,1.53,2593.8701558977486
518,2018-03,Pays de la Loire,4313,1.53,2089.1120710830496
519,2018-03,Provence-Alpes-Côte d'Azur,7004,1.53,3432.105003394437
520,2018-04,Auvergne-Rhône-Alpes,8500,1.53,2537.3249790110503
521,2018-04,Bourgogne-Franche-Comté,2707,1.53,1509.543826072574
522,2018-04,Bretagne,3952,1.53,1978.287879309
523,2018-04,Centre-Val de Loire,2462,1.53,1615.8933088965111
524,2018-04,Grand Est,2312,1.53,1425.298488916138
525,2018-04,Hauts-de-France,5286,1.53,1890.058830971315
526,2018-04,Ile-de-France,12303,1.53,5341.764714161452
527,2018-04,Normandie,3436,1.53,1896.9967523821088
528,2018-04,Nouvelle-Aquitaine,6824,1.5299999999999998,2268.22031625296
529,2018-04,Occitanie,6831,1.53,2193.0470327445028
530,2018-04,Outre-mer,644,1.53,2998.8625533807704
531,2018-04,Pays de la Loire,4394,1.53,2070.943238168975
532,2018-04,Provence-Alpes-Côte d'Azur,6364,1.53,3481.658981915486
533,2018-05,Auvergne-Rhône-Alpes,8523,1.52,2580.876834858846
534,2018-05,Bourgogne-Franche-Comté,2574,1.52,1508.9911219099213
535,2018-05,Bretagne,3790,1.52,1879.3489375853617
536,2018-05,Centre-Val de Loire,2321,1.52,1665.2555537745425
537,2018-05,Grand Est,2226,1.52,1453.914461537498
538,2018-05,Hauts-de-France,5203,1.52,1835.0887951093412
539,2018-05,Ile-de-France,12669,1.52,5281.82823010969
540,2018-05,Normandie,3180,1.52,1839.1568094656952
541,2018-05,Nouvelle-Aquitaine,6979,1.52,2303.519081797067
542,2018-05,Occitanie,6792,1.52,2237.782131192503
543,2018-05,Outre-mer,626,1.52,2381.547465070492
544,2018-05,Pays de la Loire,4078,1.52,2073.3916946484273
545,2018-05,Provence-Alpes-Côte d'Azur,6743,1.52,3380.245032254214
546,2018-06,Auvergne-Rhône-Alpes,10974,1.5100000000000002,2598.786546283847
547,2018-06,Bourgogne-Franche-Comté,3418,1.51,1565.9548552822139
548,2018-06,Bretagne,4861,1.51,1939.580134295961
549,2018-06,Centre-Val de Loire,3218,1.51,1643.2723219158593
550,2018-06,Grand Est,2822,1.51,1441.5097806096935
551,2018-06,Hauts-de-France,7017,1.51,1928.5592738313583
552,2018-06,Ile-de-France,16260,1.51,5250.337568399297
553,2018-06,Normandie,4393,1.51,1913.1769995862944
554,2018-06,Nouvelle-Aquitaine,8716,1.51,2309.3037473343984
555,2018-06,Occitanie,8781,1.51,2220.9095849328505
556,2018-06,Outre-mer,780,1.51,2566.7556986714553
557,2018-06,Pays de la Loire,5339,1.51,2106.8539412423725
558,2018-06,Provence-Alpes-Côte d'Azur,8269,1.51,3423.871913612235
559,2018-07,Auvergne-Rhône-Alpes,12956,1.5,2722.343247622962
560,2018-07,Bourgogne-Franche-Comté,4005,1.5,1603.9367157136348
561,2018-07,Bretagne,5484,1.5,1959.524893408168
562,2018-07,Centre-Val de Loire,3599,1.5,1728.233840063833
563,2018-07,Grand Est,3223,1.5,1542.769154739767
564,2018-07,Hauts-de-France,7640,1.5,1948.773782895217
565,2018-07,Ile-de-France,19127,1.5,5399.40528260107
566,2018-07,Normandie,4634,1.5,1916.93080489344
567,2018-07,Nouvelle-Aquitaine,9371,1.5,2314.1128197144426
568,2018-07,Occitanie,9741,1.5,2272.5378998461656
569,2018-07,Outre-mer,841,1.5,2581.0065915724394
570,2018-07,Pays de la Loire,6387,1.5,2097.253948214737
571,2018-07,Provence-Alpes-Côte d'Azur,8794,1.5,3478.0684875978486
572,2018-08,Auvergne-Rhône-Alpes,8763,1.49,2646.141431137736
573,2018-08,Bourgogne-Franche-Comté,2939,1.49,1583.2173582599517
574,2018-08,Bretagne,4373,1.49,1925.8201833782628
575,2018-08,Centre-Val de Loire,2803,1.49,1701.7270008351154
576,2018-08,Grand Est,2675,1.49,1545.5793959439743
577,2018-08,Hauts-de-France,5808,1.49,1922.3289400989597
578,2018-08,Ile-de-France,11465,1.4899999999999998,5018.635280429696
579,2018-08,Normandie,3803,1.49,1876.9553944056781
580,2018-08,Nouvelle-Aquitaine,7957,1.49,2271.1832614714
581,2018-08,Occitanie,7936,1.49,2241.8660484071024
582,2018-08,Outre-mer,812,1.4899999999999998,2442.3687641246925
583,2018-08,Pays de la Loire,4797,1.49,2146.225931291184
584,2018-08,Provence-Alpes-Côte d'Azur,6665,1.49,3470.1333687573215
585,2018-09,Auvergne-Rhône-Alpes,10533,1.49,2690.281611939283
586,2018-09,Bourgogne-Franche-Comté,3209,1.49,1509.9187781266628
587,2018-09,Bretagne,4569,1.49,1971.6434427425143
588,2018-09,Centre-Val de Loire,3050,1.49,1674.5398388898006
589,2018-09,Grand Est,2791,1.49,1512.2882428917262
590,2018-09,Hauts-de-France,6555,1.4900000000000002,1951.1970595120135
591,2018-09,Ile-de-France,16112,1.49,5451.569738605533
592,2018-09,Normandie,4133,1.49,1932.1362944178513
593,2018-09,Nouvelle-Aquitaine,8098,1.49,2328.423629613649
594,2018-09,Occitanie,8181,1.49,2251.8133512840645
595,2018-09,Outre-mer,718,1.49,2567.65108586609
596,2018-09,Pays de la Loire,4968,1.49,2158.1511553830737
597,2018-09,Provence-Alpes-Côte d'Azur,7678,1.49,3462.8870303489252
598,2018-10,Auvergne-Rhône-Alpes,11059,1.48,2723.1549568343394
599,2018-10,Bourgogne-Franche-Comté,3390,1.48,1536.5807035175847
600,2018-10,Bretagne,4787,1.48,1970.2212838934074
601,2018-10,Centre-Val de Loire,3233,1.48,1702.1956330932608
602,2018-10,Grand Est,2888,1.48,1480.3052596949196
603,2018-10,Hauts-de-France,6723,1.4799999999999998,1947.38694182172
604,2018-10,Ile-de-France,16818,1.48,5645.126389476761
605,2018-10,Normandie,4340,1.48,1880.9353728692447
606,2018-10,Nouvelle-Aquitaine,8519,1.48,2285.9396150619514
607,2018-10,Occitanie,8830,1.48,2258.795422159895
608,2018-10,Outre-mer,894,1.48,2488.3103554474696
609,2018-10,Pays de la Loire,5161,1.48,2152.0507821911665
610,2018-10,Provence-Alpes-Côte d'Azur,8249,1.48,3488.4325807304504
611,2018-11,Auvergne-Rhône-Alpes,8870,1.47,2759.8016696508
612,2018-11,Bourgogne-Franche-Comté,2869,1.4700000000000002,1586.8792934966218
613,2018-11,Bretagne,3993,1.47,1939.3296073642787
614,2018-11,Centre-Val de Loire,2458,1.47,1678.6270014810214
615,2018-11,Grand Est,2478,1.47,1505.4098067364218
616,2018-11,Hauts-de-France,5450,1.47,1993.3205074150783
617,2018-11,Ile-de-France,12223,1.4700000000000002,5382.088807308724
618,2018-11,Normandie,3640,1.47,1879.5926853473234
619,2018-11,Nouvelle-Aquitaine,6947,1.47,2305.9271127935585
620,2018-11,Occitanie,7081,1.47,2334.1132949883868
621,2018-11,Outre-mer,663,1.47,2527.563036684889
622,2018-11,Pays de la Loire,4295,1.47,2130.0209267680743
623,2018-11,Provence-Alpes-Côte d'Azur,6526,1.47,3545.6911384711952
624,2018-12,Auvergne-Rhône-Alpes,11866,1.46,2840.4493473330135
625,2018-12,Bourgogne-Franche-Comté,3645,1.46,1725.2249681307408
626,2018-12,Bretagne,5173,1.46,2028.5350070757702
627,2018-12,Centre-Val de Loire,3236,1.4599999999999997,1707.079994245477
628,2018-12,Grand Est,3068,1.46,1514.103777736804
629,2018-12,Hauts-de-France,7132,1.46,2004.324997727
630,2018-12,Ile-de-France,15115,1.46,5687.86560499015
631,2018-12,Normandie,4779,1.46,2031.104120855276
632,2018-12,Nouvelle-Aquitaine,8997,1.46,2369.2501755078442
633,2018-12,Occitanie,9402,1.46,2359.8571645354605
634,2018-12,Outre-mer,1036,1.46,2965.8504164802853
635,2018-12,Pays de la Loire,5581,1.46,2241.5507565288153
636,2018-12,Provence-Alpes-Côte d'Azur,7975,1.46,3617.295587116262
637,2019-01,Auvergne-Rhône-Alpes,9018,1.48,2728.972326726207
638,2019-01,Bourgogne-Franche-Comté,2708,1.48,1550.8501792539544
639,2019-01,Bretagne,4220,1.48,1991.4930819353049
640,2019-01,Centre-Val de Loire,2452,1.48,1678.597354942814
641,2019-01,Grand Est,2260,1.48,1458.2002288118554
642,2019-01,Hauts-de-France,5563,1.48,1896.595330432046
643,2019-01,Ile-de-France,12770,1.48,5618.093046702066
644,2019-01,Normandie,3852,1.48,1876.5160743894378
645,2019-01,Nouvelle-Aquitaine,7167,1.48,2320.134539317263
646,2019-01,Occitanie,7156,1.48,2202.488652873497
647,2019-01,Outre-mer,631,1.48,2463.504595419209
648,2019-01,Pays de la Loire,4579,1.48,2144.3834142318087
649,2019-01,Provence-Alpes-Côte d'Azur,6716,1.48,3525.704473970016
650,2019-02,Auvergne-Rhône-Alpes,8728,1.49,2563.2838970767943
651,2019-02,Bourgogne-Franche-Comté,2733,1.49,1495.0313977808505
652,2019-02,Bretagne,3963,1.49,9664.769303723791
653,2019-02,Centre-Val de Loire,2584,1.49,1631.4241366245428
654,2019-02,Grand Est,2390,1.49,1456.7975001085322
655,2019-02,Hauts-de-France,5517,1.49,1851.809088747865
656,2019-02,Ile-de-France,13141,1.49,5454.293907073828
657,2019-02,Normandie,3529,1.49,1884.7156266326522
658,2019-02,Nouvelle-Aquitaine,6766,1.49,2305.1268513263913
659,2019-02,Occitanie,7327,1.49,2236.660894686339
660,2019-02,Outre-mer,696,1.49,2756.9897804764764
661,2019-02,Pays de la Loire,4391,1.49,2082.1564232554615
662,2019-02,Provence-Alpes-Côte d'Azur,6796,1.4899999999999998,3455.273490859509
663,2019-03,Auvergne-Rhône-Alpes,9695,1.48,2604.3138665084502
664,2019-03,Bourgogne-Franche-Comté,3069,1.48,1574.8434700715977
665,2019-03,Bretagne,4582,1.48,1910.9556810090235
666,2019-03,Centre-Val de Loire,2937,1.48,1665.0237900326479
667,2019-03,Grand Est,2699,1.48,1462.976050047066
668,2019-03,Hauts-de-France,6034,1.48,1914.2328336498622
669,2019-03,Ile-de-France,14076,1.48,5584.243040872316
670,2019-03,Normandie,3918,1.48,1871.6102813637012
671,2019-03,Nouvelle-Aquitaine,7629,1.48,2263.9936303573063
672,2019-03,Occitanie,7685,1.48,2248.7328170486608
673,2019-03,Outre-mer,666,1.48,2683.814280802404
674,2019-03,Pays de la Loire,4829,1.48,2151.1791279817935
675,2019-03,Provence-Alpes-Côte d'Azur,7341,1.48,3430.02553122859
676,2019-04,Auvergne-Rhône-Alpes,9900,1.46,2783.3741327246225
677,2019-04,Bourgogne-Franche-Comté,2980,1.46,1632.8303587523085
678,2019-04,Bretagne,4471,1.46,5539.433287512184
679,2019-04,Centre-Val de Loire,2666,1.46,1788.7242100880926
680,2019-04,Grand Est,2652,1.46,1494.8308328382045
681,2019-04,Hauts-de-France,5961,1.46,1911.502097078915
682,2019-04,Ile-de-France,13410,1.46,5767.208967730128
683,2019-04,Normandie,3875,1.46,1923.7099436492083
684,2019-04,Nouvelle-Aquitaine,7611,1.46,2445.4265971945188
685,2019-04,Occitanie,8083,1.46,2274.740979152441
686,2019-04,Outre-mer,739,1.46,2597.106608869767
687,2019-04,Pays de la Loire,4838,1.46,2215.6542669646165
688,2019-04,Provence-Alpes-Côte d'Azur,7282,1.46,3610.2308285315794
689,2019-05,Auvergne-Rhône-Alpes,9715,1.41,2684.316567486443
690,2019-05,Bourgogne-Franche-Comté,3074,1.4100000000000001,1583.0703358315586
691,2019-05,Bretagne,4404,1.41,1928.708607377978
692,2019-05,Centre-Val de Loire,2900,1.41,1646.1873133501665
693,2019-05,Grand Est,2588,1.41,1467.8469662916414
694,2019-05,Hauts-de-France,5956,1.41,1851.7182586011995
695,2019-05,Ile-de-France,13360,1.41,5521.955642286377
696,2019-05,Normandie,4014,1.41,1906.593177452556
697,2019-05,Nouvelle-Aquitaine,7392,1.41,2298.3904363664783
698,2019-05,Occitanie,7638,1.41,2214.6528537225963
699,2019-05,Outre-mer,733,1.41,2554.8716798924643
700,2019-05,Pays de la Loire,4886,1.41,2148.547825253934
701,2019-05,Provence-Alpes-Côte d'Azur,7278,1.41,3469.8018674668847
702,2019-06,Auvergne-Rhône-Alpes,11296,1.36,2718.834189639696
703,2019-06,Bourgogne-Franche-Comté,3444,1.36,1551.4368961542552
704,2019-06,Bretagne,5126,1.36,1974.5755844581788
705,2019-06,Centre-Val de Loire,3329,1.36,1681.0411132038287
706,2019-06,Grand Est,3007,1.36,1480.92071686503
707,2019-06,Hauts-de-France,6852,1.36,1914.0497563504994
708,2019-06,Ile-de-France,16421,1.36,5463.404211340233
709,2019-06,Normandie,4590,1.36,1902.6021775437932
710,2019-06,Nouvelle-Aquitaine,8533,1.36,2348.1994128673546
711,2019-06,Occitanie,8745,1.36,2242.45412455189
712,2019-06,Outre-mer,830,1.3600000000000003,2629.9946307335545
713,2019-06,Pays de la Loire,5594,1.36,2171.0408605452108
714,2019-06,Provence-Alpes-Côte d'Azur,8225,1.36,3492.226051807494
715,2019-07,Auvergne-Rhône-Alpes,15017,1.31,2798.4197145014086
716,2019-07,Bourgogne-Franche-Comté,4524,1.31,1636.1902658669726
717,2019-07,Bretagne,6589,1.31,2010.089218824733
718,2019-07,Centre-Val de Loire,4340,1.31,1732.8772444332146
719,2019-07,Grand Est,3892,1.31,1582.3472309168521
720,2019-07,Hauts-de-France,8915,1.31,1971.7288438484566
721,2019-07,Ile-de-France,21599,1.31,5619.538443791336
722,2019-07,Normandie,5802,1.31,1946.8931034496024
723,2019-07,Nouvelle-Aquitaine,10900,1.31,2351.1189837264988
724,2019-07,Occitanie,10714,1.31,2287.291020522573
725,2019-07,Outre-mer,959,1.31,2667.9643056787204
726,2019-07,Pays de la Loire,7233,1.3099999999999998,2176.66890104244
727,2019-07,Provence-Alpes-Côte d'Azur,9891,1.31,3557.644643795791
728,2019-08,Auvergne-Rhône-Alpes,8756,1.27,2767.5609754121856
729,2019-08,Bourgogne-Franche-Comté,3222,1.27,1589.9368551945354
730,2019-08,Bretagne,4691,1.27,1922.2354055651683
731,2019-08,Centre-Val de Loire,3095,1.27,1710.2037309565737
732,2019-08,Grand Est,2865,1.27,1525.485387001382
733,2019-08,Hauts-de-France,6349,1.27,1989.9281917417866
734,2019-08,Ile-de-France,11797,1.27,5110.118651103042
735,2019-08,Normandie,4213,1.27,1917.134533393503
736,2019-08,Nouvelle-Aquitaine,8041,1.27,2255.560170259636
737,2019-08,Occitanie,7928,1.27,2243.5786096471925
738,2019-08,Outre-mer,870,1.27,2578.661271784726
739,2019-08,Pays de la Loire,5086,1.27,2209.1065382345273
740,2019-08,Provence-Alpes-Côte d'Azur,6756,1.27,3502.770552332393
741,2019-09,Auvergne-Rhône-Alpes,11531,1.24,2742.5696920274513
742,2019-09,Bourgogne-Franche-Comté,3604,1.24,1586.3433413632836
743,2019-09,Bretagne,5065,1.24,2025.882131816007
744,2019-09,Centre-Val de Loire,3401,1.24,1687.5641049831634
745,2019-09,Grand Est,3183,1.24,1552.451725573607
746,2019-09,Hauts-de-France,7278,1.24,1977.204113263954
747,2019-09,Ile-de-France,17735,1.24,5718.0625331662295
748,2019-09,Normandie,4720,1.24,1928.4831318467031
749,2019-09,Nouvelle-Aquitaine,8803,1.24,2343.395658392595
750,2019-09,Occitanie,8713,1.24,2272.2857895337384
751,2019-09,Outre-mer,846,1.24,2519.869476022354
752,2019-09,Pays de la Loire,5639,1.24,2230.9603935048267
753,2019-09,Provence-Alpes-Côte d'Azur,8508,1.24,3998.7699608557673
754,2019-10,Auvergne-Rhône-Alpes,12067,1.19,2754.6024689412575
755,2019-10,Bourgogne-Franche-Comté,3719,1.19,1547.2469415603211
756,2019-10,Bretagne,5361,1.19,2023.2072576129212
757,2019-10,Centre-Val de Loire,3530,1.19,1687.9754747793854
758,2019-10,Grand Est,3276,1.19,1537.7396599842834
759,2019-10,Hauts-de-France,7425,1.19,2002.8726681402413
760,2019-10,Ile-de-France,17721,1.19,5841.6082440953
761,2019-10,Normandie,4967,1.19,1958.8694798051756
762,2019-10,Nouvelle-Aquitaine,9132,1.19,2362.916749387861
763,2019-10,Occitanie,9633,1.19,2285.7946307539983
764,2019-10,Outre-mer,961,1.19,2638.669548241796
765,2019-10,Pays de la Loire,5664,1.19,2251.3812545547676
766,2019-10,Provence-Alpes-Côte d'Azur,8685,1.19,3671.3552043245595
767,2019-11,Auvergne-Rhône-Alpes,9403,1.16,2878.463246355392
768,2019-11,Bourgogne-Franche-Comté,3068,1.16,1582.3971154690946
769,2019-11,Bretagne,4367,1.16,1994.8246970732641
770,2019-11,Centre-Val de Loire,2813,1.16,1666.041626405916
771,2019-11,Grand Est,2671,1.16,1566.541638515691
772,2019-11,Hauts-de-France,5878,1.16,2021.5984053672346
773,2019-11,Ile-de-France,13036,1.16,5666.26194924685
774,2019-11,Normandie,3935,1.16,1948.6411223569282
775,2019-11,Nouvelle-Aquitaine,7215,1.16,2311.553573670014
776,2019-11,Occitanie,7481,1.16,2276.1899656568967
777,2019-11,Outre-mer,769,1.16,2551.5339175404615
778,2019-11,Pays de la Loire,4564,1.16,2199.3443155158507
779,2019-11,Provence-Alpes-Côte d'Azur,6806,1.16,3680.2136601176912
780,2019-12,Auvergne-Rhône-Alpes,13190,1.14,2921.37697911367
781,2019-12,Bourgogne-Franche-Comté,4098,1.14,1714.234495563744
782,2019-12,Bretagne,5695,1.14,2118.1264780189354
783,2019-12,Centre-Val de Loire,3550,1.14,1808.6386682751242
784,2019-12,Grand Est,3448,1.14,1620.5123524998287
785,2019-12,Hauts-de-France,7645,1.14,2034.071705640322
786,2019-12,Ile-de-France,16423,1.14,5854.292254366953
787,2019-12,Normandie,5257,1.14,2037.1539814538314
788,2019-12,Nouvelle-Aquitaine,9648,1.14,2415.697194736384
789,2019-12,Occitanie,10058,1.14,2344.453101176493
790,2019-12,Outre-mer,1093,1.14,2819.616550343371
791,2019-12,Pays de la Loire,6084,1.14,2223.095856243427
792,2019-12,Provence-Alpes-Côte d'Azur,8595,1.14,3856.453564764754
793,2020-01,Auvergne-Rhône-Alpes,9906,1.15,2738.99293699007
794,2020-01,Bourgogne-Franche-Comté,3066,1.15,1550.6809704388284
795,2020-01,Bretagne,4580,1.15,2001.130902533636
796,2020-01,Centre-Val de Loire,2933,1.15,1669.8215573978466
797,2020-01,Grand Est,2620,1.15,1537.9093949703927
798,2020-01,Hauts-de-France,6317,1.15,1913.6751198192599
799,2020-01,Ile-de-France,13731,1.15,5805.028616765691
800,2020-01,Normandie,4182,1.15,1951.6070728612967
801,2020-01,Nouvelle-Aquitaine,7748,1.15,2399.0158753758024
802,2020-01,Occitanie,7973,1.15,2278.1065157653697
803,2020-01,Outre-mer,645,1.15,2618.897539290214
804,2020-01,Pays de la Loire,4988,1.15,2234.4177052736036
805,2020-01,Provence-Alpes-Côte d'Azur,7688,1.15,3643.391314605847
806,2020-02,Auvergne-Rhône-Alpes,9747,1.17,2752.8654869514903
807,2020-02,Bourgogne-Franche-Comté,3095,1.17,1545.833215970519
808,2020-02,Bretagne,4474,1.17,2066.1710851665543
809,2020-02,Centre-Val de Loire,2969,1.17,1768.091288092188
810,2020-02,Grand Est,2497,1.17,1545.2528536851698
811,2020-02,Hauts-de-France,6259,1.17,1933.2181995726708
812,2020-02,Ile-de-France,13975,1.17,5930.110056632821
813,2020-02,Normandie,3953,1.17,1932.061039102353
814,2020-02,Nouvelle-Aquitaine,7738,1.17,2355.2879197358475
815,2020-02,Occitanie,8038,1.17,2302.067176199333
816,2020-02,Outre-mer,681,1.17,2645.383236881028
817,2020-02,Pays de la Loire,4761,1.17,2261.661611853443
818,2020-02,Provence-Alpes-Côte d'Azur,7203,1.17,3615.0656092943573
819,2020-03,Auvergne-Rhône-Alpes,6521,1.17,2791.101369118161
820,2020-03,Bourgogne-Franche-Comté,1978,1.17,1659.876386555756
821,2020-03,Bretagne,3399,1.17,2033.6311340243496
822,2020-03,Centre-Val de Loire,2207,1.17,1698.953282195657
823,2020-03,Grand Est,1829,1.17,1540.4545953253494
824,2020-03,Hauts-de-France,4410,1.17,1940.1725686325753
825,2020-03,Ile-de-France,9506,1.17,5737.318499232949
826,2020-03,Normandie,3047,1.17,1991.6798925788848
827,2020-03,Nouvelle-Aquitaine,5112,1.17,2370.711435474316
828,2020-03,Occitanie,6249,1.17,2301.3849889463822
829,2020-03,Outre-mer,606,1.17,2681.2187281098486
830,2020-03,Pays de la Loire,3185,1.17,2286.7743244461813
831,2020-03,Provence-Alpes-Côte d'Azur,5255,1.17,3653.2570975776403
832,2020-04,Auvergne-Rhône-Alpes,4488,1.16,2777.784898549514
833,2020-04,Bourgogne-Franche-Comté,1444,1.16,1593.6528645940418
834,2020-04,Bretagne,2190,1.16,2009.6008163250103
835,2020-04,Centre-Val de Loire,1254,1.16,1680.2816680979133
836,2020-04,Grand Est,1208,1.16,1504.0580974148852
837,2020-04,Hauts-de-France,2558,1.16,1901.1400665791164
838,2020-04,Ile-de-France,4013,1.16,6000.324703993615
839,2020-04,Normandie,1770,1.16,1938.65579763118
840,2020-04,Nouvelle-Aquitaine,3250,1.16,2279.5890321975194
841,2020-04,Occitanie,3916,1.16,2229.905756662418
842,2020-04,Outre-mer,402,1.16,2586.5399190258354
843,2020-04,Pays de la Loire,2117,1.16,2231.4323244510556
844,2020-04,Provence-Alpes-Côte d'Azur,2817,1.16,3692.5549218683514
845,2020-05,Auvergne-Rhône-Alpes,11263,1.17,2785.3157554125182
846,2020-05,Bourgogne-Franche-Comté,3389,1.17,1606.3428166855454
847,2020-05,Bretagne,5114,1.17,2063.8188992329274
848,2020-05,Centre-Val de Loire,3287,1.17,1750.3755755151008
849,2020-05,Grand Est,2951,1.17,1552.7439938406626
850,2020-05,Hauts-de-France,7046,1.17,2015.1463184146749
851,2020-05,Ile-de-France,14048,1.17,5718.205561657211
852,2020-05,Normandie,4640,1.17,1949.8983937677406
853,2020-05,Nouvelle-Aquitaine,8336,1.17,2334.8897288239777
854,2020-05,Occitanie,8583,1.17,2310.0646607677686
855,2020-05,Outre-mer,664,1.17,2716.673610828362
856,2020-05,Pays de la Loire,5868,1.17,2272.761876492833
857,2020-05,Provence-Alpes-Côte d'Azur,7481,1.1699999999999997,3507.645593333891
858,2020-06,Auvergne-Rhône-Alpes,11457,1.22,2843.665885071952
859,2020-06,Bourgogne-Franche-Comté,3543,1.22,1588.5172112031244
860,2020-06,Bretagne,5067,1.22,2102.7182537290687
861,2020-06,Centre-Val de Loire,3277,1.22,1713.4691545198025
862,2020-06,Grand Est,3196,1.22,1609.02734042913
863,2020-06,Hauts-de-France,7287,1.22,2039.689076357504
864,2020-06,Ile-de-France,16914,1.22,5634.587185469747
865,2020-06,Normandie,4616,1.22,1997.4607385758297
866,2020-06,Nouvelle-Aquitaine,8422,1.22,2381.8344354747037
867,2020-06,Occitanie,9349,1.22,2343.715279296818
868,2020-06,Outre-mer,802,1.22,2642.1579347322527
869,2020-06,Pays de la Loire,5391,1.22,2324.856454596135
870,2020-06,Provence-Alpes-Côte d'Azur,8614,1.22,3621.741635136916
871,2020-07,Auvergne-Rhône-Alpes,10917,1.27,2840.5246721757676
872,2020-07,Bourgogne-Franche-Comté,3483,1.27,1667.237590665858
873,2020-07,Bretagne,4388,1.27,2133.916614326445
874,2020-07,Centre-Val de Loire,2877,1.27,1694.6405368153187
875,2020-07,Grand Est,3019,1.27,1553.7852978701846
876,2020-07,Hauts-de-France,6315,1.27,1988.9498678188963
877,2020-07,Ile-de-France,14720,1.27,5687.592499808305
878,2020-07,Normandie,3982,1.27,1994.022844564955
879,2020-07,Nouvelle-Aquitaine,7826,1.27,2387.339372050718
880,2020-07,Occitanie,8183,1.27,2336.06128290645
881,2020-07,Outre-mer,808,1.27,2738.1516465596137
882,2020-07,Pays de la Loire,4877,1.27,2277.266874455744
883,2020-07,Provence-Alpes-Côte d'Azur,7621,1.27,3608.846140058536
884,2020-08,Auvergne-Rhône-Alpes,7830,1.29,2733.9501890267074
885,2020-08,Bourgogne-Franche-Comté,3094,1.29,1633.1672493961478
886,2020-08,Bretagne,3898,1.29,2035.8621642804874
887,2020-08,Centre-Val de Loire,2761,1.29,1753.1823361825284
888,2020-08,Grand Est,2543,1.29,1595.6264519999186
889,2020-08,Hauts-de-France,5323,1.29,1988.099924409651
890,2020-08,Ile-de-France,8542,1.29,5199.783302765233
891,2020-08,Normandie,3856,1.29,1991.1254379861932
892,2020-08,Nouvelle-Aquitaine,7091,1.2899999999999998,2332.8223354732495
893,2020-08,Occitanie,7051,1.29,2292.7986114440105
894,2020-08,Outre-mer,673,1.29,2678.4646622404616
895,2020-08,Pays de la Loire,4426,1.29,2317.705179987877
896,2020-08,Provence-Alpes-Côte d'Azur,5881,1.29,3585.136500807286
897,2020-09,Auvergne-Rhône-Alpes,12672,1.28,2831.699500731657
898,2020-09,Bourgogne-Franche-Comté,4357,1.28,1610.6832464175502
899,2020-09,Bretagne,5916,1.28,2131.788391504397
900,2020-09,Centre-Val de Loire,4283,1.28,1765.8605868782602
901,2020-09,Grand Est,3695,1.28,1589.238786981748
902,2020-09,Hauts-de-France,8816,1.28,2032.0000831209873
903,2020-09,Ile-de-France,17658,1.28,5842.426966720395
904,2020-09,Normandie,5878,1.28,2021.8835155744628
905,2020-09,Nouvelle-Aquitaine,10108,1.28,2425.358197982354
906,2020-09,Occitanie,9710,1.28,2338.6562714064526
907,2020-09,Outre-mer,850,1.28,2667.877916594045
908,2020-09,Pays de la Loire,6565,1.28,2450.7627237671054
909,2020-09,Provence-Alpes-Côte d'Azur,9028,1.28,3651.691714543126
910,2020-10,Auvergne-Rhône-Alpes,13301,1.2599999999999998,2864.7996179400484
911,2020-10,Bourgogne-Franche-Comté,4501,1.26,1617.1410037405528
912,2020-10,Bretagne,6342,1.26,2166.7336963114653
913,2020-10,Centre-Val de Loire,4176,1.26,1728.8487838885108
914,2020-10,Grand Est,3779,1.26,1615.2675512941423
915,2020-10,Hauts-de-France,8874,1.26,2041.8264692689895
916,2020-10,Ile-de-France,17880,1.26,5953.40573350936
917,2020-10,Normandie,6003,1.26,2072.3520639065005
918,2020-10,Nouvelle-Aquitaine,10899,1.26,2402.9031871689785
919,2020-10,Occitanie,10378,1.26,2333.6585269335983
920,2020-10,Outre-mer,933,1.26,2663.9491445246135
921,2020-10,Pays de la Loire,6672,1.26,2355.288208229863
922,2020-10,Provence-Alpes-Côte d'Azur,9597,1.26,3744.8465512791113
923,2020-11,Auvergne-Rhône-Alpes,11005,1.24,2847.3626596633612
924,2020-11,Bourgogne-Franche-Comté,3592,1.24,1597.5497960975545
925,2020-11,Bretagne,4947,1.24,2114.644909153271
926,2020-11,Centre-Val de Loire,3321,1.24,1694.3751064161513
927,2020-11,Grand Est,3076,1.24,1578.6434853848789
928,2020-11,Hauts-de-France,6911,1.24,2120.159303177345
929,2020-11,Ile-de-France,13520,1.24,5857.363392032893
930,2020-11,Normandie,4636,1.24,2060.317474500694
931,2020-11,Nouvelle-Aquitaine,8966,1.24,2404.3844743054
932,2020-11,Occitanie,8756,1.24,2667.1071337765243
933,2020-11,Outre-mer,876,1.24,2842.5405920627904
934,2020-11,Pays de la Loire,5291,1.24,2318.957980142011
935,2020-11,Provence-Alpes-Côte d'Azur,8188,1.24,3703.206558752282
936,2020-12,Auvergne-Rhône-Alpes,14188,1.21,2965.7583323465415
937,2020-12,Bourgogne-Franche-Comté,4670,1.21,1635.296779815535
938,2020-12,Bretagne,6792,1.21,2189.896080953212
939,2020-12,Centre-Val de Loire,4230,1.21,1764.3268197266775
940,2020-12,Grand Est,4128,1.21,1602.2585451987295
941,2020-12,Hauts-de-France,9056,1.21,2127.8930409985237
942,2020-12,Ile-de-France,17421,1.21,5982.128118684322
943,2020-12,Normandie,6192,1.21,2097.511537880834
944,2020-12,Nouvelle-Aquitaine,11793,1.21,2452.186118158886
945,2020-12,Occitanie,11886,1.21,2372.9533758628654
946,2020-12,Outre-mer,1256,1.21,2832.4206907378166
947,2020-12,Pays de la Loire,6975,1.21,2389.7274750421448
948,2020-12,Provence-Alpes-Côte d'Azur,10167,1.21,3844.0224886491096
949,2021-01,Auvergne-Rhône-Alpes,9432,1.2,2852.9650094272542
950,2021-01,Bourgogne-Franche-Comté,3098,1.2,1593.548947062312
951,2021-01,Bretagne,4560,1.2,2177.917484243445
952,2021-01,Centre-Val de Loire,2983,1.2,1684.1544098639206
953,2021-01,Grand Est,2640,1.2,1591.3030057120695
954,2021-01,Hauts-de-France,6262,1.2,2027.2333992508334
955,2021-01,Ile-de-France,12404,1.2,5774.497702223764
956,2021-01,Normandie,4140,1.2,2064.089822436248
957,2021-01,Nouvelle-Aquitaine,7795,1.2,2491.7478473403503
958,2021-01,Occitanie,7872,1.2,2340.170898366651
959,2021-01,Outre-mer,690,1.2,2755.561915560936
960,2021-01,Pays de la Loire,4873,1.2,2399.7841985033674
961,2021-01,Provence-Alpes-Côte d'Azur,7386,1.2,3724.674099193498
962,2021-02,Auvergne-Rhône-Alpes,9013,1.18,2845.8286227071194
963,2021-02,Bourgogne-Franche-Comté,2920,1.18,1604.6874648961332
964,2021-02,Bretagne,4260,1.18,2182.342268546967
965,2021-02,Centre-Val de Loire,2858,1.18,1662.5634045550871
966,2021-02,Grand Est,2712,1.18,1583.116036146937
967,2021-02,Hauts-de-France,5814,1.18,2019.7922763250763
968,2021-02,Ile-de-France,11627,1.18,5781.001150116306
969,2021-02,Normandie,3758,1.18,2034.6065686494749
970,2021-02,Nouvelle-Aquitaine,7520,1.18,2438.9106865534673
971,2021-02,Occitanie,7682,1.18,2332.024312908602
972,2021-02,Outre-mer,718,1.18,2663.284557567813
973,2021-02,Pays de la Loire,4429,1.18,2348.111975900734
974,2021-02,Provence-Alpes-Côte d'Azur,7317,1.18,3683.0898629271815
975,2021-03,Auvergne-Rhône-Alpes,11019,1.14,2904.1869513779966
976,2021-03,Bourgogne-Franche-Comté,3570,1.14,1629.101922981655
977,2021-03,Bretagne,4909,1.14,2222.1796267146874
978,2021-03,Centre-Val de Loire,3257,1.14,1719.4545420079762
979,2021-03,Grand Est,2895,1.14,1573.702282519569
980,2021-03,Hauts-de-France,6555,1.14,2045.0457837735541
981,2021-03,Ile-de-France,14069,1.14,5914.953667818495
982,2021-03,Normandie,4409,1.14,2055.3015357409436
983,2021-03,Nouvelle-Aquitaine,8914,1.14,2502.857467671979
984,2021-03,Occitanie,9054,1.14,2305.9878628370247
985,2021-03,Outre-mer,961,1.14,2737.6520677597614
986,2021-03,Pays de la Loire,5352,1.14,2444.8589050922383
987,2021-03,Provence-Alpes-Côte d'Azur,8317,1.14,3733.8955804807074
988,2021-04,Auvergne-Rhône-Alpes,10792,1.11,2924.3591248455377
989,2021-04,Bourgogne-Franche-Comté,3527,1.11,1633.7704888499177
990,2021-04,Bretagne,5413,1.11,2284.3376345208835
991,2021-04,Centre-Val de Loire,3559,1.11,1768.0488252200646
992,2021-04,Grand Est,3147,1.11,1606.9759174883673
993,2021-04,Hauts-de-France,7210,1.11,2074.956712934176
994,2021-04,Ile-de-France,13573,1.11,5792.890326844152
995,2021-04,Normandie,4697,1.11,2142.394799690785
996,2021-04,Nouvelle-Aquitaine,8895,1.11,2478.3176787803836
997,2021-04,Occitanie,8948,1.11,2446.3287873202025
998,2021-04,Outre-mer,859,1.11,2785.043373215706
999,2021-04,Pays de la Loire,5654,1.11,2494.2848937113054
1000,2021-04,Provence-Alpes-Côte d'Azur,8630,1.11,3860.3396329205643
1001,2021-05,Auvergne-Rhône-Alpes,10945,1.1,2924.4951505915346
1002,2021-05,Bourgogne-Franche-Comté,3627,1.1,1635.8993593366097
1003,2021-05,Bretagne,5173,1.1,2281.131284785659
1004,2021-05,Centre-Val de Loire,3449,1.1,1753.6747674946319
1005,2021-05,Grand Est,3089,1.1,1593.7041560104346
1006,2021-05,Hauts-de-France,7014,1.1,2103.221006459792
1007,2021-05,Ile-de-France,13515,1.1,5842.663249046596
1008,2021-05,Normandie,4703,1.1,2137.3970440244334
1009,2021-05,Nouvelle-Aquitaine,9151,1.1,2525.7138016162985
1010,2021-05,Occitanie,9356,1.1,2430.0607403669014
1011,2021-05,Outre-mer,793,1.1,3190.0170464656553
1012,2021-05,Pays de la Loire,5473,1.1,2563.0062212849944
1013,2021-05,Provence-Alpes-Côte d'Azur,8559,1.1,3850.1328534854383
1014,2021-06,Auvergne-Rhône-Alpes,14355,1.09,2939.0434734001497
1015,2021-06,Bourgogne-Franche-Comté,4816,1.09,1707.2092301014504
1016,2021-06,Bretagne,6548,1.09,2311.017035663185
1017,2021-06,Centre-Val de Loire,4501,1.09,1780.136904480531
1018,2021-06,Grand Est,3993,1.09,1623.147151449267
1019,2021-06,Hauts-de-France,9013,1.09,2118.2367140467395
1020,2021-06,Ile-de-France,18470,1.09,5871.896099868605
1021,2021-06,Normandie,6142,1.09,2156.6217965867495
1022,2021-06,Nouvelle-Aquitaine,11525,1.09,2602.9838321656275
1023,2021-06,Occitanie,12042,1.09,2460.331839511093
1024,2021-06,Outre-mer,1071,1.09,2935.3158686849097
1025,2021-06,Pays de la Loire,7065,1.09,2544.513382894504
1026,2021-06,Provence-Alpes-Côte d'Azur,10909,1.09,3845.6778015612153
1027,2021-07,Auvergne-Rhône-Alpes,16843,1.08,3110.032931965458
1028,2021-07,Bourgogne-Franche-Comté,5519,1.08,1728.0872748134097
1029,2021-07,Bretagne,7456,1.08,2358.0092055900664
1030,2021-07,Centre-Val de Loire,5231,1.08,1881.9823615189134
1031,2021-07,Grand Est,4541,1.08,1691.4415685125718
1032,2021-07,Hauts-de-France,10047,1.08,2152.240685398703
1033,2021-07,Ile-de-France,21890,1.08,5977.474566715688
1034,2021-07,Normandie,6583,1.08,2154.5403065926785
1035,2021-07,Nouvelle-Aquitaine,12327,1.08,2560.219930412755
1036,2021-07,Occitanie,12775,1.08,2477.3038236759858
1037,2021-07,Outre-mer,1053,1.08,2876.248589459541
1038,2021-07,Pays de la Loire,8299,1.08,2520.742668992442
1039,2021-07,Provence-Alpes-Côte d'Azur,11734,1.08,3929.106230305997
1040,2021-08,Auvergne-Rhône-Alpes,9558,1.09,3033.6225095407535
1041,2021-08,Bourgogne-Franche-Comté,3541,1.09,1806.392487549831
1042,2021-08,Bretagne,5140,1.09,2365.9743009031836
1043,2021-08,Centre-Val de Loire,3573,1.09,1860.2680704534346
1044,2021-08,Grand Est,3170,1.09,1708.2658344527886
1045,2021-08,Hauts-de-France,6959,1.09,2162.4851815518086
1046,2021-08,Ile-de-France,12038,1.09,5481.7117977850285
1047,2021-08,Normandie,4697,1.09,2180.3547593104436
1048,2021-08,Nouvelle-Aquitaine,9677,1.09,2558.7767089690215
1049,2021-08,Occitanie,9666,1.09,2456.6647595124964
1050,2021-08,Outre-mer,885,1.09,2817.668143266674
1051,2021-08,Pays de la Loire,5615,1.09,2643.1639444373645
1052,2021-08,Provence-Alpes-Côte d'Azur,7830,1.09,3848.2474405375283
1053,2021-09,Auvergne-Rhône-Alpes,13029,1.09,3085.323184749786
1054,2021-09,Bourgogne-Franche-Comté,4390,1.09,1728.7747346748633
1055,2021-09,Bretagne,5959,1.09,2417.0951374409087
1056,2021-09,Centre-Val de Loire,4304,1.09,1837.1245784521923
1057,2021-09,Grand Est,3787,1.09,1687.471254800185
1058,2021-09,Hauts-de-France,8428,1.09,2167.717190397979
1059,2021-09,Ile-de-France,17945,1.09,6098.670461022664
1060,2021-09,Normandie,5643,1.09,2222.2960762368516
1061,2021-09,Nouvelle-Aquitaine,10825,1.09,2669.060336670449
1062,2021-09,Occitanie,10679,1.09,2493.1448069618814
1063,2021-09,Outre-mer,1001,1.09,2823.879961666792
1064,2021-09,Pays de la Loire,6520,1.09,2615.2706878247386
1065,2021-09,Provence-Alpes-Côte d'Azur,10169,1.09,4024.7857066625957
1066,2021-10,Auvergne-Rhône-Alpes,11372,1.08,3126.4340948829768
1067,2021-10,Bourgogne-Franche-Comté,3865,1.0800000000000003,1739.3270605867374
1068,2021-10,Bretagne,5226,1.08,2459.0078400136726
1069,2021-10,Centre-Val de Loire,3650,1.08,1830.0791678214773
1070,2021-10,Grand Est,3339,1.08,1674.9438049554094
1071,2021-10,Hauts-de-France,7394,1.08,2206.2859047453394
1072,2021-10,Ile-de-France,15245,1.08,5993.599389760207
1073,2021-10,Normandie,4959,1.08,2232.9875126626366
1074,2021-10,Nouvelle-Aquitaine,9870,1.08,2627.4571974289183
1075,2021-10,Occitanie,9833,1.08,2539.3084351813854
1076,2021-10,Outre-mer,939,1.08,2842.48647356837
1077,2021-10,Pays de la Loire,5637,1.08,2642.5472267031932
1078,2021-10,Provence-Alpes-Côte d'Azur,9008,1.08,3997.4184582256644
1079,2021-11,Auvergne-Rhône-Alpes,9684,1.07,3059.393848712882
1080,2021-11,Bourgogne-Franche-Comté,3387,1.07,1685.3026762369598
1081,2021-11,Bretagne,4446,1.07,2437.6271478878753
1082,2021-11,Centre-Val de Loire,3022,1.07,1846.175916600092
1083,2021-11,Grand Est,2908,1.07,1701.664479880293
1084,2021-11,Hauts-de-France,6114,1.07,2084.74515926441
1085,2021-11,Ile-de-France,11455,1.07,6048.10738714376
1086,2021-11,Normandie,4120,1.07,2213.2252946816698
1087,2021-11,Nouvelle-Aquitaine,8249,1.07,2671.7620030702424
1088,2021-11,Occitanie,8547,1.07,2534.73775725214
1089,2021-11,Outre-mer,869,1.07,2918.0897068269337
1090,2021-11,Pays de la Loire,4595,1.07,2665.308621351081
1091,2021-11,Provence-Alpes-Côte d'Azur,7601,1.07,4143.106907142098
1092,2021-12,Auvergne-Rhône-Alpes,12750,1.06,3132.9142550205665
1093,2021-12,Bourgogne-Franche-Comté,4442,1.06,1727.8405929876433
1094,2021-12,Bretagne,5805,1.06,2579.3940570193786
1095,2021-12,Centre-Val de Loire,3954,1.06,1869.8071746357352
1096,2021-12,Grand Est,3748,1.06,1685.8267065173127
1097,2021-12,Hauts-de-France,8249,1.06,2176.585935985877
1098,2021-12,Ile-de-France,14839,1.06,6397.8312818343275
1099,2021-12,Normandie,5570,1.06,2240.8383348993098
1100,2021-12,Nouvelle-Aquitaine,10887,1.06,2650.6863646562756
1101,2021-12,Occitanie,11349,1.06,2551.2720550960566
1102,2021-12,Outre-mer,1250,1.06,2961.9170950749817
1103,2021-12,Pays de la Loire,6082,1.06,2701.2627101617572
1104,2021-12,Provence-Alpes-Côte d'Azur,9651,1.06,4127.4406302024245
1105,2022-01,Auvergne-Rhône-Alpes,9121,1.07,3164.4861904035215
1106,2022-01,Bourgogne-Franche-Comté,3068,1.07,1716.2329210091343
1107,2022-01,Bretagne,4398,1.07,2530.5585087777336
1108,2022-01,Centre-Val de Loire,2911,1.07,1857.151968555638
1109,2022-01,Grand Est,2700,1.07,1660.2138536492046
1110,2022-01,Hauts-de-France,5928,1.07,2177.158777377892
1111,2022-01,Ile-de-France,12125,1.07,6101.0311469851795
1112,2022-01,Normandie,3966,1.07,2266.132108245213
1113,2022-01,Nouvelle-Aquitaine,7794,1.07,2691.7200606697384
1114,2022-01,Occitanie,8215,1.07,2549.4053539905835
1115,2022-01,Outre-mer,710,1.07,2901.0997345603764
1116,2022-01,Pays de la Loire,4737,1.07,2647.780377011835
1117,2022-01,Provence-Alpes-Côte d'Azur,7822,1.07,4132.286014635308
1118,2022-02,Auvergne-Rhône-Alpes,9169,1.09,3046.580155322904
1119,2022-02,Bourgogne-Franche-Comté,3090,1.09,1734.2052216334991
1120,2022-02,Bretagne,4359,1.09,2505.706088201172
1121,2022-02,Centre-Val de Loire,2962,1.09,1964.9341341994275
1122,2022-02,Grand Est,2680,1.09,1675.754789122796
1123,2022-02,Hauts-de-France,6123,1.09,2120.334600992144
1124,2022-02,Ile-de-France,12331,1.09,6169.5854465423035
1125,2022-02,Normandie,4016,1.09,2287.4948856320275
1126,2022-02,Nouvelle-Aquitaine,7790,1.09,2661.0135028940704
1127,2022-02,Occitanie,8551,1.09,2522.0887940476014
1128,2022-02,Outre-mer,807,1.09,2862.6493073662614
1129,2022-02,Pays de la Loire,4569,1.09,2634.527403319383
1130,2022-02,Provence-Alpes-Côte d'Azur,8052,1.09,4194.946981489669
1131,2022-03,Auvergne-Rhône-Alpes,11145,1.11,3024.0956387856995
1132,2022-03,Bourgogne-Franche-Comté,3761,1.11,1713.7184493358661
1133,2022-03,Bretagne,5234,1.11,2543.2538614610407
1134,2022-03,Centre-Val de Loire,3442,1.11,1855.77383357278
1135,2022-03,Grand Est,3146,1.11,1679.9917695155439
1136,2022-03,Hauts-de-France,7159,1.11,2426.5508861772996
1137,2022-03,Ile-de-France,14718,1.11,6149.118252110337
1138,2022-03,Normandie,4686,1.11,2265.248974139762
1139,2022-03,Nouvelle-Aquitaine,9781,1.11,2663.3367851848066
1140,2022-03,Occitanie,9802,1.11,2562.9096625453485
1141,2022-03,Outre-mer,961,1.11,3045.233805396123
1142,2022-03,Pays de la Loire,5318,1.11,2641.419480968031
1143,2022-03,Provence-Alpes-Côte d'Azur,9486,1.11,4048.348656908491
1144,2022-04,Auvergne-Rhône-Alpes,10003,1.16,3093.258245857264
1145,2022-04,Bourgogne-Franche-Comté,3240,1.16,1743.059165650313
1146,2022-04,Bretagne,4592,1.16,2557.6552356757197
1147,2022-04,Centre-Val de Loire,3098,1.16,1907.5089210142348
1148,2022-04,Grand Est,2900,1.16,1708.9629997486386
1149,2022-04,Hauts-de-France,6273,1.16,2128.6822535108126
1150,2022-04,Ile-de-France,12890,1.16,6188.405196482271
1151,2022-04,Normandie,4144,1.16,2316.974482298102
1152,2022-04,Nouvelle-Aquitaine,8450,1.16,2739.6355574394793
1153,2022-04,Occitanie,9270,1.16,2561.8810837092014
1154,2022-04,Outre-mer,916,1.16,3109.1504367394605
1155,2022-04,Pays de la Loire,5050,1.16,2721.383805565501
1156,2022-04,Provence-Alpes-Côte d'Azur,8566,1.16,4162.911792694015
1157,2022-05,Auvergne-Rhône-Alpes,12179,1.25,3096.3454487231284
1158,2022-05,Bourgogne-Franche-Comté,3572,1.25,1769.3095649585027
1159,2022-05,Bretagne,4675,1.25,2554.262991025811
1160,2022-05,Centre-Val de Loire,3221,1.25,1886.397296567689
1161,2022-05,Grand Est,3101,1.25,1710.4006271929923
1162,2022-05,Hauts-de-France,6754,1.25,2187.922043473633
1163,2022-05,Ile-de-France,13454,1.25,6239.783193420162
1164,2022-05,Normandie,4467,1.25,2279.770154957838
1165,2022-05,Nouvelle-Aquitaine,9030,1.25,2764.674618852904
1166,2022-05,Occitanie,9424,1.25,2607.143453965052
1167,2022-05,Outre-mer,897,1.25,2880.4241469600934
1168,2022-05,Pays de la Loire,5290,1.25,2698.1718915296956
1169,2022-05,Provence-Alpes-Côte d'Azur,9265,1.25,4149.304515259298
1170,2022-06,Auvergne-Rhône-Alpes,11980,1.34,3239.71751851319
1171,2022-06,Bourgogne-Franche-Comté,4266,1.34,2421.934452754379
1172,2022-06,Bretagne,5527,1.34,2641.380942555585
1173,2022-06,Centre-Val de Loire,4116,1.34,2026.630980887061
1174,2022-06,Grand Est,3629,1.34,1873.3672389584367
1175,2022-06,Hauts-de-France,8191,1.34,2287.620338838799
1176,2022-06,Ile-de-France,17262,1.34,6398.952762357375
1177,2022-06,Normandie,5410,1.34,2348.434755605352
1178,2022-06,Nouvelle-Aquitaine,10445,1.34,2806.344705504112
1179,2022-06,Occitanie,11210,1.34,2630.704710281009
1180,2022-06,Outre-mer,1025,1.34,3073.2466479482127
1181,2022-06,Pays de la Loire,6354,1.34,2771.483340717745
1182,2022-06,Provence-Alpes-Côte d'Azur,10874,1.34,4249.05033470941
1183,2022-07,Auvergne-Rhône-Alpes,13749,1.45,3209.697829261523
1184,2022-07,Bourgogne-Franche-Comté,4792,1.45,1869.8005034775285
1185,2022-07,Bretagne,6156,1.4499999999999997,2764.436482985775
1186,2022-07,Centre-Val de Loire,4506,1.45,2017.1512250617907
1187,2022-07,Grand Est,4030,1.45,1778.7891420060287
1188,2022-07,Hauts-de-France,8732,1.45,2288.6904989980053
1189,2022-07,Ile-de-France,19340,1.45,6267.347430257969
1190,2022-07,Normandie,5619,1.45,2335.978506856453
1191,2022-07,Nouvelle-Aquitaine,11079,1.45,2847.5940325028146
1192,2022-07,Occitanie,11282,1.45,2672.5670772272524
1193,2022-07,Outre-mer,1028,1.45,3142.8050971826856
1194,2022-07,Pays de la Loire,6916,1.4499999999999997,2824.301026638024
1195,2022-07,Provence-Alpes-Côte d'Azur,10226,1.45,4259.078554794777
1196,2022-08,Auvergne-Rhône-Alpes,8481,1.59,3242.2583758915653
1197,2022-08,Bourgogne-Franche-Comté,3164,1.59,1874.550493209596
1198,2022-08,Bretagne,4764,1.59,2628.2933484200225
1199,2022-08,Centre-Val de Loire,3308,1.59,2031.1146944297468
1200,2022-08,Grand Est,2968,1.5899999999999999,1845.7360308573745
1201,2022-08,Hauts-de-France,6423,1.5899999999999999,2300.268941966226
1202,2022-08,Ile-de-France,11020,1.5899999999999999,5793.511484230924
1203,2022-08,Normandie,4381,1.59,2348.9252823651145
1204,2022-08,Nouvelle-Aquitaine,8956,1.59,2777.4393658415433
1205,2022-08,Occitanie,8911,1.59,2647.967265568233
1206,2022-08,Outre-mer,896,1.59,3055.025989094194
1207,2022-08,Pays de la Loire,5001,1.59,2840.3538498227745
1208,2022-08,Provence-Alpes-Côte d'Azur,7626,1.59,4188.232858600752
1209,2022-09,Auvergne-Rhône-Alpes,12166,1.7,3224.9998760912786
1210,2022-09,Bourgogne-Franche-Comté,4017,1.7,1863.3984242688532
1211,2022-09,Bretagne,5474,1.7,2731.7331765396925
1212,2022-09,Centre-Val de Loire,3849,1.7,2004.847278097293
1213,2022-09,Grand Est,3455,1.7,1866.6401279635686
1214,2022-09,Hauts-de-France,7826,1.7,2284.5132077357757
1215,2022-09,Ile-de-France,17044,1.7,7065.1800751803985
1216,2022-09,Normandie,5139,1.7,2398.1874848691
1217,2022-09,Nouvelle-Aquitaine,10125,1.7,2894.6332937722636
1218,2022-09,Occitanie,9828,1.7,2704.3575953451705
1219,2022-09,Outre-mer,1001,1.7,3083.5282461902125
1220,2022-09,Pays de la Loire,5851,1.6999999999999997,2856.235615990239
1221,2022-09,Provence-Alpes-Côte d'Azur,10055,1.7,4369.799226447458
1222,2022-10,Auvergne-Rhône-Alpes,9779,1.81,3201.6736274756877
1223,2022-10,Bourgogne-Franche-Comté,3400,1.81,1962.5028038748067
1224,2022-10,Bretagne,4611,1.81,2733.70108055525
1225,2022-10,Centre-Val de Loire,3173,1.81,2054.756062298156
1226,2022-10,Grand Est,2943,1.81,1746.9133692188004
1227,2022-10,Hauts-de-France,6214,1.81,3267.1730570877326
1228,2022-10,Ile-de-France,12679,1.81,6733.048172235058
1229,2022-10,Normandie,4164,1.81,2389.6474170966385
1230,2022-10,Nouvelle-Aquitaine,8499,1.81,2776.545834204607
1231,2022-10,Occitanie,8297,1.81,2675.292997854
1232,2022-10,Outre-mer,907,1.81,3050.0394535625096
1233,2022-10,Pays de la Loire,4850,1.81,2858.628273132352
1234,2022-10,Provence-Alpes-Côte d'Azur,7829,1.81,4394.993102365662
1235,2022-11,Auvergne-Rhône-Alpes,8201,1.96,3356.5159925686394
1236,2022-11,Bourgogne-Franche-Comté,3105,1.96,1811.088836512753
1237,2022-11,Bretagne,4124,1.96,2764.4987511410404
1238,2022-11,Centre-Val de Loire,2827,1.96,1942.8464676908873
1239,2022-11,Grand Est,2417,1.96,1715.6329301729052
1240,2022-11,Hauts-de-France,5469,1.96,2477.8433899360402
1241,2022-11,Ile-de-France,10562,1.96,6388.9783119234335
1242,2022-11,Normandie,3824,1.96,2401.9646527274176
1243,2022-11,Nouvelle-Aquitaine,7686,1.96,2743.136536734207
1244,2022-11,Occitanie,7716,1.96,2676.2459321473775
1245,2022-11,Outre-mer,817,1.96,3206.933401403812
1246,2022-11,Pays de la Loire,4253,1.9599999999999997,2843.209438471701
1247,2022-11,Provence-Alpes-Côte d'Azur,7526,1.96,4387.30020524612
1248,2022-12,Auvergne-Rhône-Alpes,9052,2.12,3351.930591751024
1249,2022-12,Bourgogne-Franche-Comté,3806,2.12,1857.9704646186563
1250,2022-12,Bretagne,5072,2.12,2725.8055053210346
1251,2022-12,Centre-Val de Loire,3638,2.12,2122.672724679213
1252,2022-12,Grand Est,2807,2.12,1660.5666227211304
1253,2022-12,Hauts-de-France,6829,2.12,2293.0609723358616
1254,2022-12,Ile-de-France,12857,2.12,6576.286085826687
1255,2022-12,Normandie,4344,2.12,2335.068085291135
1256,2022-12,Nouvelle-Aquitaine,9561,2.12,2899.713488265776
1257,2022-12,Occitanie,9528,2.12,2749.053575581682
1258,2022-12,Outre-mer,1058,2.12,3309.9128156783436
1259,2022-12,Pays de la Loire,5593,2.12,2797.4099670735254
1260,2022-12,Provence-Alpes-Côte d'Azur,8815,2.12,4394.557580578089
1261,2023-01,Auvergne-Rhône-Alpes,6236,2.31,3164.3980370957297
1262,2023-01,Bourgogne-Franche-Comté,2650,2.31,1794.3631400192892
1263,2023-01,Bretagne,3671,2.31,2694.202267653229
1264,2023-01,Centre-Val de Loire,2524,2.31,1928.6784500951585
1265,2023-01,Grand Est,1914,2.31,1744.3027014346396
1266,2023-01,Hauts-de-France,4897,2.31,2238.337410674176
1267,2023-01,Ile-de-France,10096,2.31,6849.917686846416
1268,2023-01,Normandie,2661,2.31,2169.6350081585333
1269,2023-01,Nouvelle-Aquitaine,6872,2.31,2879.3623857102743
1270,2023-01,Occitanie,6946,2.31,2680.968271203663
1271,2023-01,Outre-mer,561,2.31,3188.4733094393523
1272,2023-01,Pays de la Loire,4171,2.31,2825.7456199662442
1273,2023-01,Provence-Alpes-Côte d'Azur,6992,2.31,4452.664464391405
1274,2023-02,Auvergne-Rhône-Alpes,5688,2.51,3103.0498331525246
1275,2023-02,Bourgogne-Franche-Comté,2413,2.51,1739.0057399080522
1276,2023-02,Bretagne,3146,2.51,2775.9097937564593
1277,2023-02,Centre-Val de Loire,2524,2.51,1985.0578137055572
1278,2023-02,Grand Est,1970,2.51,1650.9449906231578
1279,2023-02,Hauts-de-France,4645,2.51,2216.01428315832
1280,2023-02,Ile-de-France,10172,2.51,6253.801107353211
1281,2023-02,Normandie,2452,2.51,2197.9278485776226
1282,2023-02,Nouvelle-Aquitaine,6663,2.51,2828.595942301553
1283,2023-02,Occitanie,6906,2.51,2676.078746357084
1284,2023-02,Outre-mer,546,2.51,3093.1020917862356
1285,2023-02,Pays de la Loire,3906,2.51,2764.3007862762524
1286,2023-02,Provence-Alpes-Côte d'Azur,6168,2.51,4293.249066507149
1287,2023-03,Auvergne-Rhône-Alpes,6514,2.72,3003.181363155162
1288,2023-03,Bourgogne-Franche-Comté,2033,2.72,1683.2227852162393
1289,2023-03,Bretagne,3157,2.72,2813.025380803732
1290,2023-03,Centre-Val de Loire,2992,2.72,1936.4972833283648
1291,2023-03,Grand Est,2209,2.72,1632.2732864063319
1292,2023-03,Hauts-de-France,5315,2.72,2268.263223553623
1293,2023-03,Ile-de-France,11532,2.72,6631.007297762752
1294,2023-03,Normandie,2741,2.72,2156.3861939709586
1295,2023-03,Nouvelle-Aquitaine,7720,2.72,2803.0622860425433
1296,2023-03,Occitanie,7598,2.72,2656.4955500378865
1297,2023-03,Outre-mer,409,2.72,3059.6108198308607
1298,2023-03,Pays de la Loire,4501,2.72,2740.7143510793803
1299,2023-03,Provence-Alpes-Côte d'Azur,7159,2.7200000000000006,4243.69770394103
1300,2023-04,Auvergne-Rhône-Alpes,5127,2.92,3101.250001573636
1301,2023-04,Bourgogne-Franche-Comté,1352,2.92,1652.2124359419765
1302,2023-04,Bretagne,2161,2.92,2867.9828591076202
1303,2023-04,Centre-Val de Loire,2216,2.92,2055.6162401771626
1304,2023-04,Grand Est,1777,2.92,1640.2738115037416
1305,2023-04,Hauts-de-France,4121,2.92,2191.3651820326513
1306,2023-04,Ile-de-France,9481,2.92,6446.935861145388
1307,2023-04,Normandie,1936,2.92,2189.4142220012222
1308,2023-04,Nouvelle-Aquitaine,6000,2.92,2844.8518771597433
1309,2023-04,Occitanie,5824,2.9199999999999995,2765.2777741819073
1310,2023-04,Outre-mer,242,2.92,3100.3028460647715
1311,2023-04,Pays de la Loire,3420,2.92,2902.633216321174
1312,2023-04,Provence-Alpes-Côte d'Azur,5376,2.92,4530.892766937454
1313,2023-05,Auvergne-Rhône-Alpes,5032,3.08,3011.80966065169
1314,2023-05,Bourgogne-Franche-Comté,1412,3.08,1665.7492662291365
1315,2023-05,Bretagne,2473,3.08,2834.5057071845863
1316,2023-05,Centre-Val de Loire,2564,3.08,1997.1243697215434
1317,2023-05,Grand Est,1913,3.08,1652.1778179101718
1318,2023-05,Hauts-de-France,4656,3.08,2172.7261930572154
1319,2023-05,Ile-de-France,9933,3.08,6104.393911927677
1320,2023-05,Normandie,1985,3.08,2217.4961440207053
1321,2023-05,Nouvelle-Aquitaine,6104,3.08,2931.78574574647
1322,2023-05,Occitanie,5508,3.08,2736.6108360915314
1323,2023-05,Outre-mer,320,3.08,2772.8720531510394
1324,2023-05,Pays de la Loire,3636,3.08,2911.984405431136
1325,2023-05,Provence-Alpes-Côte d'Azur,5552,3.08,4464.138123317634
1326,2023-06,Auvergne-Rhône-Alpes,5774,3.25,3129.0379936842355
1327,2023-06,Bourgogne-Franche-Comté,1428,3.25,1677.0834380727233
1328,2023-06,Bretagne,2541,3.25,2951.918290307679
1329,2023-06,Centre-Val de Loire,3045,3.25,2000.5303691886995
1330,2023-06,Grand Est,2026,3.25,1686.5303694396036
1331,2023-06,Hauts-de-France,5372,3.25,2200.733348284493
1332,2023-06,Ile-de-France,12451,3.25,6147.364634220918
1333,2023-06,Normandie,2312,3.25,2207.933901807116
1334,2023-06,Nouvelle-Aquitaine,6635,3.25,3084.091496624497
1335,2023-06,Occitanie,5706,3.25,2777.386151083255
1336,2023-06,Outre-mer,320,3.25,3359.8572585354223
1337,2023-06,Pays de la Loire,4300,3.25,2992.400357070628
1338,2023-06,Provence-Alpes-Côte d'Azur,5724,3.25,4577.630128701832
